TP_Mean,TP_Std,TP_Min,TP_Max,TP_Last2_Mean,TP_First2_Mean,TP_Trend,Respons_Mean,Respons_Std,Respons_Min,Respons_Max,Respons_Last2_Mean,Respons_Trend,Laporan_Mean,Laporan_Std,Laporan_Min,Laporan_Max,Laporan_Last2_Mean,Laporan_Trend,Attendance_PreFinal_Rate,Absence_Count,Partial_Attendance_Count,TP_Completion_Rate,Respons_Completion_Rate,Laporan_Completion_Rate,Performance_Mean,Performance_Std,Performance_Late_Mean,Performance_Trend,Competency_Label,Competency_Name,NIM,Class,Scoring_Scheme
85.83333333333333,1.5723301886761007,84.0,88.0,0.0,85.0,3.25,71.16666666666667,31.850780559072994,0.0,88.0,0.0,-40.75,81.42857142857143,13.58683336235219,50.0,92.5,80.0,11.5,0.875,1,0,0.75,0.625,0.875,79.57894736842105,20.61824891608526,80.0,1.5,1,Kompeten,60200125001,A,UNIFIED
76.33333333333333,16.669999666733318,40.0,88.0,0.0,84.0,14.5,55.666666666666664,39.53760516549051,0.0,88.0,0.0,-17.5,73.14285714285714,16.55017109474419,50.0,90.0,65.0,14.625,0.625,3,0,0.75,0.5,0.875,68.63157894736842,27.597598153149388,65.0,-13.083333333333329,0,Belum Kompeten,60200125006,A,UNIFIED
85.5,2.8136571693556887,80.0,88.0,0.0,87.5,2.25,85.5,2.8136571693556887,80.0,88.0,0.0,2.25,83.71428571428571,7.572776160399184,67.5,92.5,80.0,6.625,1.0,0,0,0.75,0.75,0.875,84.84210526315789,5.183609369366371,80.0,-3.8333333333333286,1,Kompeten,60200125007,A,UNIFIED
73.33333333333333,17.336538165261125,40.0,89.0,0.0,84.0,3.25,38.333333333333336,39.09674609933102,0.0,88.0,0.0,-11.0,86.0,3.5355339059327378,80.0,91.5,80.0,2.0416666666666714,0.75,2,0,0.75,0.375,0.875,66.94736842105263,31.422793745289468,80.0,-4.333333333333329,1,Kompeten,60200125016,A,UNIFIED
13.333333333333334,29.8142396999972,0.0,80.0,0.0,40.0,-20.0,13.333333333333334,29.8142396999972,0.0,80.0,0.0,-20.0,21.142857142857142,33.77415990888627,0.0,83.0,65.0,0.9166666666666679,0.625,0,6,0.125,0.125,0.25,16.210526315789473,31.55709770420064,65.0,24.5,0,Belum Kompeten,60200125017,A,UNIFIED
68.33333333333333,20.07209228976613,40.0,84.0,0.0,81.5,22.75,55.0,38.91015291668744,0.0,84.0,0.0,42.75,76.28571428571429,16.928119342968845,50.0,91.0,80.0,18.45833333333333,0.8125,1,1,0.75,0.5,0.875,67.05263157894737,28.083941251766767,80.0,2.8333333333333286,1,Kompeten,60200125031,A,UNIFIED
81.25,7.830229881682913,64.0,86.0,0.0,85.5,-10.5,81.16666666666667,7.797791710193057,64.0,86.0,0.0,-10.75,80.21428571428571,9.463679225850585,65.0,91.0,65.0,-10.583333333333329,0.875,1,0,0.75,0.75,0.875,80.84210526315789,8.47294864411214,65.0,-19.83333333333333,1,Kompeten,60200125032,A,UNIFIED
85.5,3.095695936834452,80.0,90.0,0.0,85.0,1.5,71.33333333333333,32.05030767749699,0.0,90.0,0.0,22.75,88.35714285714286,2.924212784351246,83.0,92.5,90.0,4.916666666666671,1.0,0,0,0.75,0.625,0.875,82.07894736842105,19.627627653718605,90.0,4.833333333333329,1,Kompeten,60200125033,A,UNIFIED
82.5,7.455423082115014,67.0,90.0,0.0,89.0,-12.0,67.33333333333333,30.804040139061126,0.0,87.0,0.0,10.75,81.28571428571429,9.361231385946216,67.5,92.5,80.0,11.166666666666671,0.875,1,0,0.75,0.625,0.875,77.26315789473684,19.88080826817969,80.0,10.5,1,Kompeten,60200125034,A,UNIFIED
87.33333333333333,2.1343747458109497,85.0,90.0,0.0,90.0,-0.5,73.16666666666667,32.774058169364515,0.0,90.0,0.0,20.75,81.07142857142857,9.351961488023216,67.5,91.5,80.0,11.25,1.0,0,0,0.75,0.625,0.875,80.55263157894737,20.117349632411496,80.0,-5.166666666666671,1,Kompeten,60200125049,A,UNIFIED
84.5,2.9297326385411577,80.0,88.0,0.0,83.0,3.75,56.666666666666664,40.14418457953226,0.0,88.0,0.0,-19.0,84.07142857142857,8.006375010972603,65.0,90.0,65.0,-4.791666666666671,0.875,1,0,0.75,0.5,0.875,75.55263157894737,26.45547139551671,65.0,-18.66666666666667,1,Kompeten,60200125050,A,UNIFIED
83.83333333333333,2.266911751455907,81.0,88.0,0.0,84.0,3.25,83.83333333333333,2.266911751455907,81.0,88.0,0.0,3.25,76.85714285714286,12.930347155085219,50.0,90.0,80.0,14.833333333333329,1.0,0,0,0.75,0.75,0.875,81.26315789473684,8.727404541311286,80.0,2.1666666666666714,0,Belum Kompeten,60200125053,A,UNIFIED
81.83333333333333,7.536946036396675,66.0,90.0,0.0,88.0,-11.75,81.83333333333333,7.536946036396675,66.0,90.0,0.0,-11.75,84.0,7.5687326736854885,67.5,90.5,80.0,5.25,1.0,0,0,0.75,0.75,0.875,82.63157894736842,7.6206818752502254,80.0,-3.9166666666666714,1,Kompeten,60200125074,A,UNIFIED
82.83333333333333,3.1841621957571333,80.0,88.0,0.0,80.0,6.25,54.833333333333336,38.82617959859329,0.0,86.0,0.0,-17.75,85.07142857142857,3.4061768621618183,80.0,90.5,80.0,2.2083333333333286,0.8125,1,1,0.75,0.5,0.875,74.8157894736842,25.858527315047294,80.0,12.5,1,Kompeten,60200125075,A,UNIFIED
77.16666666666667,16.727389382553262,40.0,87.0,0.0,85.0,-20.5,70.5,31.58454263296104,0.0,87.0,0.0,-40.5,81.0,9.411239481143202,66.5,91.5,80.0,11.083333333333329,0.875,1,0,0.75,0.625,0.875,76.47368421052632,21.330404346483625,80.0,0.9166666666666714,1,Kompeten,60200125078,A,UNIFIED
77.66666666666667,17.288403306519918,40.0,90.0,0.0,87.5,13.25,70.16666666666667,31.5722275988812,0.0,90.0,0.0,20.75,79.28571428571429,18.66214109377811,50.0,95.0,95.0,24.0,0.875,1,0,0.75,0.625,0.875,75.89473684210526,23.517394988306233,95.0,13.666666666666671,1,Kompeten,60200125099,A,UNIFIED
81.5,7.783529619223745,65.0,89.0,0.0,85.0,-6.75,80.66666666666667,7.180219742846005,65.0,87.0,0.0,-9.25,82.71428571428571,6.734013571081529,68.0,90.5,80.0,5.75,1.0,0,0,0.75,0.75,0.875,81.6842105263158,7.269638603765863,80.0,-1.9166666666666714,0,Belum Kompeten,60200125100,A,UNIFIED
85.66666666666667,2.2110831935702664,82.0,88.0,0.0,87.5,0.5,85.66666666666667,2.2110831935702664,82.0,88.0,0.0,0.5,83.71428571428571,7.410692771053107,67.5,90.5,80.0,5.75,1.0,0,0,0.75,0.75,0.875,84.94736842105263,4.920137826594595,80.0,-4.083333333333329,1,Kompeten,60200125101,A,UNIFIED
81.58333333333333,6.660935036130855,67.0,86.5,0.0,85.75,-9.125,81.58333333333333,6.660935036130855,67.0,86.5,0.0,-9.125,83.42857142857143,7.168525308739645,68.0,90.5,80.0,5.666666666666671,1.0,0,0,0.75,0.75,0.875,82.26315789473684,6.909886930776935,80.0,-2.25,1,Kompeten,60200125114,A,UNIFIED
53.833333333333336,38.12443077899292,0.0,85.0,0.0,82.5,-20.75,53.833333333333336,38.12443077899292,0.0,85.0,0.0,-20.75,27.0,33.33380952040821,0.0,84.0,65.0,-9.333333333333332,0.75,2,0,0.5,0.5,0.375,43.94736842105263,38.66383279964627,65.0,-4.0,0,Belum Kompeten,60200125116,A,UNIFIED
83.16666666666667,1.3437096247164249,81.0,85.0,0.0,84.0,1.25,83.16666666666667,1.3437096247164249,81.0,85.0,0.0,1.25,83.42857142857143,7.645860558071236,67.5,92.5,80.0,7.416666666666671,1.0,0,0,0.75,0.75,0.875,83.26315789473684,4.763812109768239,80.0,-1.0,1,Kompeten,60200125117,A,UNIFIED
0.0,0.0,0.0,0.0,0.0,0.0,0.0,0.0,0.0,0.0,0.0,0.0,0.0,9.285714285714286,22.745261897272368,0.0,65.0,65.0,21.666666666666668,0.5,0,8,0.0,0.0,0.125,3.4210526315789473,14.514297087513345,65.0,65.0,0,Belum Kompeten,60200125118,A,UNIFIED
57.166666666666664,40.47392850822476,0.0,88.0,0.0,86.5,41.75,57.166666666666664,40.47392850822476,0.0,88.0,0.0,41.75,42.42857142857143,38.25425146440642,0.0,84.0,80.0,21.416666666666664,0.75,2,0,0.5,0.5,0.5,51.73684210526316,40.30259506502117,80.0,0.1666666666666714,1,Kompeten,60200125119,A,UNIFIED
84.83333333333333,2.4094720491334933,80.0,87.0,0.0,86.0,1.0,70.33333333333333,31.531289574361246,0.0,87.0,0.0,-42.5,82.64285714285714,7.529533687488251,65.0,90.0,65.0,-4.041666666666671,0.875,1,0,0.75,0.625,0.875,79.44736842105263,19.386576159292684,65.0,-20.91666666666667,1,Kompeten,60200125120,A,UNIFIED
70.83333333333333,31.682890580809627,0.0,86.0,0.0,85.0,21.25,70.83333333333333,31.682890580809627,0.0,86.0,0.0,21.25,54.0,36.86946084304926,0.0,86.0,80.0,2.3333333333333357,0.875,1,0,0.625,0.625,0.625,64.63157894736842,34.651589963241356,80.0,1.9166666666666714,1,Kompeten,60200125121,A,UNIFIED
82.0,7.979139469057215,66.0,90.0,0.0,87.5,-6.75,81.16666666666667,7.4479676571681095,66.0,90.0,0.0,-9.25,82.92857142857143,7.326217945690335,67.0,90.0,80.0,6.541666666666671,1.0,0,0,0.75,0.75,0.875,82.07894736842105,7.611043150536934,80.0,-3.25,1,Kompeten,60200125122,A,UNIFIED
74.66666666666667,15.648926125740667,40.0,86.0,0.0,80.0,12.5,68.0,30.48496897379647,0.0,86.0,0.0,22.5,81.28571428571429,10.91479056424009,65.0,92.5,90.0,16.41666666666667,0.9375,0,1,0.75,0.625,0.875,75.0,21.0894086663125,90.0,12.5,0,Belum Kompeten,60200125147,A,UNIFIED
84.83333333333333,2.733536577809454,82.0,90.0,0.0,87.5,0.25,84.83333333333333,2.733536577809454,82.0,90.0,0.0,0.25,83.14285714285714,7.278708115918284,67.5,90.5,80.0,6.166666666666671,1.0,0,0,0.75,0.75,0.875,84.21052631578948,4.990295291003604,80.0,-3.8333333333333286,1,Kompeten,60200125151,A,UNIFIED
55.5,39.318146785761236,0.0,88.0,0.0,84.0,-21.75,55.5,39.318146785761236,0.0,88.0,0.0,-21.75,34.07142857142857,39.912787577979294,0.0,87.5,65.0,28.458333333333336,0.75,2,0,0.5,0.5,0.375,47.60526315789474,40.86710778382731,65.0,-5.583333333333329,0,Belum Kompeten,60200125152,A,UNIFIED
83.33333333333333,7.110243002567181,68.0,88.0,0.0,86.5,-8.0,83.33333333333333,7.110243002567181,68.0,88.0,0.0,-8.0,89.57142857142857,1.2657175104763823,87.5,91.5,90.0,2.2083333333333286,1.0,0,0,0.75,0.75,0.875,85.63157894736842,6.447851754171098,90.0,2.9166666666666714,1,Kompeten,60200125154,A,UNIFIED
90.125,7.896795236043543,80.0,100.0,93.5,90.0,6.25,90.125,7.896795236043543,80.0,100.0,93.5,6.25,58.4375,20.85880734246328,41.5,90.0,42.0,-32.375,1.0,0,0,1.0,1.0,1.0,79.5625,20.24192868980951,76.33333333333333,-12.0,1,Kompeten,60200125009,B,UNIFIED
92.0,8.231038816577165,80.0,100.0,93.5,90.0,2.5,92.0,8.231038816577165,80.0,100.0,93.5,2.5,76.5625,19.5583062597455,42.5,90.0,42.75,-23.625,1.0,0,0,1.0,1.0,1.0,86.85416666666667,15.021151175555383,76.58333333333333,-12.583333333333343,1,Kompeten,60200125019,B,UNIFIED
93.375,8.788308995478026,80.0,100.0,93.5,90.0,6.75,93.375,8.788308995478026,80.0,100.0,93.5,6.75,82.375,14.995311767349154,43.0,90.0,63.25,-13.25,1.0,0,0,1.0,1.0,1.0,89.70833333333333,12.38271364532921,83.41666666666667,-6.25,1,Kompeten,60200125020,B,UNIFIED
92.25,7.980444849756184,80.0,100.0,93.5,92.5,2.0,92.25,7.980444849756184,80.0,100.0,93.5,2.0,81.3125,14.773154495570674,43.0,90.0,63.75,-12.625,1.0,0,0,1.0,1.0,1.0,88.60416666666667,11.907612381955037,83.58333333333333,-6.583333333333343,1,Kompeten,60200125021,B,UNIFIED
81.625,31.71331542112871,0.0,100.0,93.5,91.5,21.75,81.625,31.71331542112871,0.0,100.0,93.5,21.75,48.3125,26.141367480489617,0.0,88.0,20.5,-33.875,1.0,0,0,0.875,0.875,0.875,70.52083333333333,33.836149051552674,69.16666666666667,-13.666666666666657,1,Kompeten,60200125035,B,UNIFIED
92.0,8.2915619758885,80.0,100.0,87.0,90.0,3.0,92.0,8.2915619758885,80.0,100.0,87.0,3.0,51.25,19.62619423117992,35.0,87.0,42.0,-23.0,1.0,0,0,1.0,1.0,1.0,78.41666666666667,23.307575068109415,72.0,-16.33333333333333,0,Belum Kompeten,60200125036,B,UNIFIED
60.0,46.9041575982343,0.0,100.0,0.0,50.0,-20.0,60.0,46.9041575982343,0.0,100.0,0.0,-20.0,43.0,22.533308678487497,0.0,90.0,21.5,-22.0,0.75,2,0,0.625,0.625,0.875,54.333333333333336,41.232740496950825,7.166666666666667,-48.25,1,Kompeten,60200125048,B,UNIFIED
89.25,8.59869176095992,80.0,100.0,86.0,90.0,-1.5,89.25,8.59869176095992,80.0,100.0,86.0,-1.5,64.25,22.5,40.0,90.0,62.0,-24.25,1.0,0,0,1.0,1.0,1.0,80.91666666666667,18.89260584343927,78.0,-10.833333333333329,1,Kompeten,60200125055,B,UNIFIED
90.125,8.115378919064716,80.0,100.0,93.5,90.0,6.75,90.125,8.115378919064716,80.0,100.0,93.5,6.75,64.125,21.119821850574404,43.0,88.0,64.0,-21.0,1.0,0,0,1.0,1.0,1.0,81.45833333333333,18.5151495778157,83.66666666666667,-4.25,1,Kompeten,60200125056,B,UNIFIED
90.75,7.479137650825796,80.0,100.0,93.5,82.5,5.5,90.75,7.479137650825796,80.0,100.0,93.5,5.5,36.4375,24.30976848408886,0.0,80.0,42.5,11.375,1.0,0,0,1.0,1.0,0.75,72.64583333333333,29.829543229918148,76.5,8.166666666666671,1,Kompeten,60200125057,B,UNIFIED
91.125,9.102712507818755,80.0,100.0,93.5,90.0,2.25,91.125,9.102712507818755,80.0,100.0,93.5,2.25,76.875,19.743274171220943,42.0,90.0,42.75,-22.5,0.875,1,0,1.0,1.0,1.0,86.375,15.175535410653556,76.58333333333333,-12.666666666666671,1,Kompeten,60200125058,B,UNIFIED
70.25,41.30602256330183,0.0,100.0,0.0,91.5,-40.5,70.25,41.30602256330183,0.0,100.0,0.0,-40.5,58.9375,36.947122266152206,0.0,89.0,21.0,-9.375,0.875,1,0,0.75,0.75,0.75,66.47916666666667,40.260733342868406,7.0,-81.58333333333333,1,Kompeten,60200125072,B,UNIFIED
37.5,48.41229182759271,0.0,100.0,50.0,50.0,25.0,37.5,48.41229182759271,0.0,100.0,50.0,25.0,53.6875,19.865072206010225,40.0,88.0,42.25,-23.375,0.625,3,0,0.375,0.375,1.0,42.895833333333336,41.86012899293976,47.416666666666664,-8.166666666666671,1,Kompeten,60200125094,B,UNIFIED
60.0,46.9041575982343,0.0,100.0,0.0,90.0,-20.0,60.0,46.9041575982343,0.0,100.0,0.0,-20.0,75.375,28.616811055741344,0.0,88.5,42.5,-20.0,0.875,1,0,0.625,0.625,0.875,65.125,42.33405101097697,14.166666666666666,-73.33333333333333,1,Kompeten,60200125096,B,UNIFIED
80.25,31.08757790500894,0.0,100.0,86.0,91.5,19.0,80.25,31.08757790500894,0.0,100.0,86.0,19.0,81.75,15.17810923666054,42.0,90.0,63.5,-11.75,1.0,0,0,0.875,0.875,1.0,80.75,26.862303202319293,78.5,-11.333333333333329,1,Kompeten,60200125103,B,UNIFIED
91.625,8.557708513381371,80.0,100.0,100.0,90.0,10.25,91.625,8.557708513381371,80.0,100.0,100.0,10.25,82.1875,15.298973617533955,42.0,90.0,63.5,-12.375,1.0,0,0,1.0,1.0,1.0,88.47916666666667,12.109293234490975,87.83333333333333,-1.3333333333333428,1,Kompeten,60200125104,B,UNIFIED
79.125,30.98159736036862,0.0,100.0,93.0,90.0,-21.75,79.125,30.98159736036862,0.0,100.0,93.0,-21.75,75.9375,19.105688779784938,43.0,90.0,43.25,-20.125,1.0,0,0,0.875,0.875,1.0,78.0625,27.63765264544006,76.41666666666667,-11.916666666666657,1,Kompeten,60200125113,B,UNIFIED
78.0,30.257230540814536,0.0,100.0,87.0,91.5,-25.5,78.0,30.257230540814536,0.0,100.0,87.0,-25.5,57.625,19.598708503368275,41.5,89.0,43.25,-29.5,0.875,1,0,0.875,0.875,1.0,71.20833333333333,28.820535454583226,72.41666666666667,-15.083333333333329,1,Kompeten,60200125115,B,UNIFIED
56.75,44.40368790990226,0.0,100.0,0.0,90.0,-70.0,56.75,44.40368790990226,0.0,100.0,0.0,-70.0,71.75,30.859560917161474,0.0,89.5,21.75,-33.5,0.875,1,0,0.625,0.625,0.875,61.75,41.01092334163342,7.25,-82.0,1,Kompeten,60200125123,B,UNIFIED
32.75,42.73976485662971,0.0,100.0,93.5,37.5,28.0,32.75,42.73976485662971,0.0,100.0,93.5,28.0,5.375,14.220913296972174,0.0,43.0,21.5,10.75,0.625,3,0,0.375,0.375,0.125,23.625,38.10163218288687,69.5,44.5,1,Kompeten,60200125124,B,UNIFIED
58.0,45.47526800360829,0.0,100.0,0.0,90.0,-66.0,58.0,45.47526800360829,0.0,100.0,0.0,-66.0,47.375,24.680141308347487,0.0,85.5,21.75,-30.25,0.875,1,0,0.625,0.625,0.875,54.458333333333336,40.084784277273535,7.25,-80.33333333333333,1,Kompeten,60200125126,B,UNIFIED
55.0,43.30127018922193,0.0,100.0,90.0,90.0,-20.0,55.0,43.30127018922193,0.0,100.0,90.0,-20.0,36.9375,39.580959358636065,0.0,88.0,19.75,-54.125,0.875,1,0,0.625,0.625,0.5,48.979166666666664,42.950184120352986,66.58333333333333,-21.41666666666667,0,Belum Kompeten,60200125127,B,UNIFIED
80.75,31.684972778905777,0.0,100.0,93.0,90.0,-18.5,80.75,31.684972778905777,0.0,100.0,93.0,-18.5,47.5,14.413535305399574,40.5,85.5,43.0,-10.5,1.0,0,0,0.875,0.875,1.0,69.66666666666667,31.372316175606514,76.33333333333333,-4.75,1,Kompeten,60200125128,B,UNIFIED
56.0,43.91184350491334,0.0,100.0,0.0,91.5,-69.5,56.0,43.91184350491334,0.0,100.0,0.0,-69.5,43.1875,31.783385498558836,0.0,90.0,21.0,-24.125,0.875,1,0,0.625,0.625,0.75,51.729166666666664,40.7272378059887,7.0,-69.0,1,Kompeten,60200125129,B,UNIFIED
69.5,40.65095324835569,0.0,100.0,50.0,91.0,-45.5,69.5,40.65095324835569,0.0,100.0,50.0,-45.5,48.75,26.03603272390016,0.0,88.0,21.5,-33.0,1.0,0,0,0.75,0.75,0.875,62.583333333333336,37.72672203565472,40.5,-42.41666666666667,1,Kompeten,60200125155,B,UNIFIED
83.0,7.702813338860896,66.0,88.0,0.0,88.0,-11.25,83.0,7.702813338860896,66.0,88.0,0.0,-11.25,87.5,2.632217967526897,82.5,91.5,90.0,3.2083333333333286,1.0,0,0,0.75,0.75,0.875,84.65789473684211,6.688664077886884,90.0,2.1666666666666714,1,Kompeten,60200125010,C,UNIFIED
85.0,1.4142135623730951,82.0,86.0,0.0,85.5,1.5,70.66666666666667,31.63155948661962,0.0,86.0,0.0,-41.5,85.57142857142857,2.9450754468697573,80.0,90.5,80.0,0.4583333333333286,1.0,0,0,0.75,0.625,0.875,80.6842105263158,19.135397432586736,80.0,-5.166666666666671,1,Kompeten,60200125011,C,UNIFIED
83.0,6.0,70.0,88.0,0.0,86.5,-7.5,83.0,6.0,70.0,88.0,0.0,-7.5,84.39285714285714,2.7446608652629787,80.0,89.5,80.0,0.7708333333333286,1.0,0,0,0.75,0.75,0.875,83.51315789473684,5.095453135814299,80.0,-5.916666666666671,1,Kompeten,60200125022,C,UNIFIED
85.16666666666667,2.3392781412696997,83.0,90.0,0.0,87.5,-1.75,85.16666666666667,2.3392781412696997,83.0,90.0,0.0,-1.75,84.57142857142857,4.06578556307363,80.0,92.5,80.0,2.2083333333333286,1.0,0,0,0.75,0.75,0.875,84.94736842105263,3.103032204838668,80.0,-7.083333333333329,0,Belum Kompeten,60200125023,C,UNIFIED
85.83333333333333,2.4094720491334933,82.0,90.0,0.0,86.0,-0.5,82.66666666666667,7.824463062870335,66.0,90.0,0.0,-10.0,84.78571428571429,3.010186786529354,80.0,90.5,80.0,0.6666666666666714,1.0,0,0,0.75,0.75,0.875,84.44736842105263,5.11420811599798,80.0,-5.666666666666671,1,Kompeten,60200125024,C,UNIFIED
82.33333333333333,5.734883511361751,70.0,87.0,0.0,78.0,1.0,54.666666666666664,39.071160151133924,0.0,87.0,0.0,-82.0,76.21428571428571,12.783519364671795,50.0,89.5,65.0,6.041666666666671,0.75,2,0,0.75,0.5,0.875,71.34210526315789,26.21773838633269,65.0,-14.0,0,Belum Kompeten,60200125038,C,UNIFIED
86.66666666666667,2.4267032964268394,84.0,90.0,0.0,90.0,-2.5,86.66666666666667,2.4267032964268394,84.0,90.0,0.0,-2.5,84.57142857142857,2.90846758164319,80.0,90.5,80.0,1.0416666666666714,0.875,1,0,0.75,0.75,0.875,85.89473684210526,2.803094846811575,80.0,-8.25,1,Kompeten,60200125039,C,UNIFIED
83.66666666666667,8.013876853447538,66.0,90.0,0.0,86.5,-11.5,68.33333333333333,31.425396665047135,0.0,87.0,0.0,11.5,85.0,2.939873661036668,80.0,89.0,80.0,1.1666666666666714,1.0,0,0,0.75,0.625,0.875,79.3157894736842,19.78117827255029,80.0,9.0,1,Kompeten,60200125040,C,UNIFIED
80.33333333333333,8.844332774281067,66.0,88.0,0.0,78.0,-7.25,66.16666666666667,30.813507139276147,0.0,88.0,0.0,-49.75,82.14285714285714,7.249208260780156,65.0,89.0,65.0,-4.041666666666671,0.875,1,0,0.75,0.625,0.875,76.52631578947368,19.84908435128652,65.0,-14.916666666666671,0,Belum Kompeten,60200125046,C,UNIFIED
77.0,16.772994167212165,40.0,89.0,0.0,86.0,12.0,57.0,40.34848200366403,0.0,89.0,0.0,42.0,72.64285714285714,14.361939497242318,50.0,83.5,80.0,-3.4583333333333286,0.75,2,0,0.75,0.5,0.875,69.07894736842105,27.377124122298827,80.0,-4.5,0,Belum Kompeten,60200125059,C,UNIFIED
77.25,8.678277478854891,64.0,85.0,0.0,73.25,-4.125,80.83333333333333,5.550275268448904,69.0,85.0,0.0,-5.75,81.85714285714286,6.937034595530848,66.5,90.0,80.0,5.208333333333329,1.0,0,0,0.75,0.75,0.875,80.07894736842105,7.423758371987262,80.0,3.6666666666666714,1,Kompeten,60200125060,C,UNIFIED
86.33333333333333,1.795054935711501,85.0,90.0,0.0,88.5,-1.25,68.83333333333333,31.745953372919132,0.0,90.0,0.0,10.0,85.64285714285714,3.377597262153397,80.0,91.0,80.0,-1.4166666666666714,0.9375,0,1,0.75,0.625,0.875,80.55263157894737,19.67090741013109,80.0,-7.833333333333329,1,Kompeten,60200125062,C,UNIFIED
87.33333333333333,2.1343747458109497,85.0,90.0,0.0,87.5,-2.75,87.33333333333333,2.1343747458109497,85.0,90.0,0.0,-2.75,85.25,3.3193157642588242,80.0,91.5,80.0,1.0208333333333286,1.0,0,0,0.75,0.75,0.875,86.5657894736842,2.818923489541566,80.0,-6.666666666666671,1,Kompeten,60200125083,C,UNIFIED
66.91666666666667,19.749296752599122,40.0,86.5,0.0,78.25,-40.375,39.333333333333336,39.60920207336786,0.0,86.0,0.0,-59.0,82.14285714285714,7.505780085632509,65.0,90.0,65.0,-4.041666666666671,0.625,3,0,0.75,0.375,0.875,63.81578947368421,30.90997561949514,65.0,-15.083333333333329,0,Belum Kompeten,60200125084,C,UNIFIED
86.5,2.4324199198877374,82.0,90.0,0.0,88.0,0.0,86.5,2.4324199198877374,82.0,90.0,0.0,0.0,86.35714285714286,2.2154374884672605,83.0,90.0,90.0,3.4583333333333286,0.875,1,0,0.75,0.75,0.875,86.44736842105263,2.3558144018247438,90.0,2.8333333333333286,0,Belum Kompeten,60200125085,C,UNIFIED
81.66666666666667,3.496029493900505,75.0,86.0,0.0,83.0,2.0,82.66666666666667,4.2295258468165065,75.0,88.0,0.0,5.0,81.24285714285715,6.40286925478551,67.5,90.0,80.0,5.408333333333331,0.875,1,0,0.75,0.75,0.875,81.82631578947368,4.996929805312896,80.0,-0.5,0,Belum Kompeten,60200125086,C,UNIFIED
85.83333333333333,1.0671873729054748,85.0,88.0,0.0,86.5,0.25,85.83333333333333,1.0671873729054748,85.0,88.0,0.0,0.25,85.07142857142857,3.3319725113401715,80.0,90.5,80.0,0.1666666666666714,1.0,0,0,0.75,0.75,0.875,85.55263157894737,2.223645281502906,80.0,-5.916666666666671,1,Kompeten,60200125087,C,UNIFIED
85.5,1.5,83.0,88.0,0.0,86.5,0.75,85.5,1.5,83.0,88.0,0.0,0.75,85.5,3.3166247903554,80.0,91.5,80.0,0.0,1.0,0,0,0.75,0.75,0.875,85.5,2.3395906074624073,80.0,-6.25,1,Kompeten,60200125105,C,UNIFIED
86.16666666666667,1.771690968789108,85.0,90.0,0.0,85.5,-1.0,86.16666666666667,1.771690968789108,85.0,90.0,0.0,-1.0,84.71428571428571,2.8891069165938124,80.0,89.5,80.0,0.7916666666666714,1.0,0,0,0.75,0.75,0.875,85.63157894736842,2.3555204211158154,80.0,-5.0,0,Belum Kompeten,60200125107,C,UNIFIED
67.16666666666667,30.41609588505548,0.0,88.0,0.0,80.0,-40.75,67.16666666666667,30.41609588505548,0.0,88.0,0.0,-40.75,68.5,28.758849569679043,0.0,87.0,65.0,-32.666666666666664,0.625,3,0,0.625,0.625,0.75,67.65789473684211,29.82318624280662,65.0,-14.833333333333329,0,Belum Kompeten,60200125131,C,UNIFIED
84.5,2.29128784747792,81.0,87.0,0.0,85.0,-1.5,70.83333333333333,31.7144376515737,0.0,87.0,0.0,22.75,83.71428571428571,7.4299449279690535,66.5,90.0,90.0,9.25,0.75,2,0,0.75,0.625,0.875,79.89473684210526,19.432459921866773,90.0,8.166666666666671,1,Kompeten,60200125132,C,UNIFIED
82.0,4.123105625617661,75.0,87.0,0.0,80.0,4.5,82.0,4.123105625617661,75.0,87.0,0.0,4.5,82.0,7.511895328648518,65.0,90.5,65.0,-2.625,0.75,2,0,0.75,0.75,0.875,82.0,5.614829987584102,65.0,-15.5,1,Kompeten,60200125133,C,UNIFIED
85.0,3.0550504633038935,80.0,90.0,0.0,87.5,1.5,84.83333333333333,3.1841621957571333,80.0,90.0,0.0,1.75,81.78571428571429,6.070167936351531,69.0,90.5,80.0,6.208333333333329,1.0,0,0,0.75,0.75,0.875,83.76315789473684,4.691449167459744,80.0,-5.833333333333329,0,Belum Kompeten,60200125137,C,UNIFIED
78.16666666666667,17.121299275723466,40.0,87.0,0.0,84.5,-22.75,71.5,32.00390601161052,0.0,87.0,0.0,-42.75,75.71428571428571,12.32841416883645,50.0,86.0,80.0,-18.75,0.8125,1,1,0.75,0.625,0.875,75.15789473684211,21.890909331440316,80.0,-3.75,1,Kompeten,60200125156,C,UNIFIED
93.625,8.425222548989433,80.0,100.0,93.5,90.0,6.25,93.625,8.425222548989433,80.0,100.0,93.5,6.25,53.75,28.90069203323685,0.0,90.0,43.0,-22.5,1.0,0,0,1.0,1.0,0.875,80.33333333333333,26.059094168617772,76.66666666666667,-12.0,1,Kompeten,60200125004,D,UNIFIED
81.125,31.70740252685483,0.0,100.0,93.5,90.0,22.25,81.125,31.70740252685483,0.0,100.0,93.5,22.25,58.875,20.429375296371646,42.0,88.0,83.75,8.5,1.0,0,0,0.875,0.875,1.0,73.70833333333333,30.321168577231465,90.25,8.0,1,Kompeten,60200125013,D,UNIFIED
94.375,7.330373455697875,83.0,100.0,93.5,92.5,4.75,94.375,7.330373455697875,83.0,100.0,93.5,4.75,67.9375,21.28297074541052,37.5,88.0,83.5,-12.375,1.0,0,0,1.0,1.0,1.0,85.5625,18.496797301605127,90.16666666666667,0.5,1,Kompeten,60200125026,D,UNIFIED
81.75,31.728339067779768,0.0,100.0,93.5,92.5,21.0,81.75,31.728339067779768,0.0,100.0,93.5,21.0,59.125,21.766875637077547,41.0,90.0,42.5,-33.0,1.0,0,0,0.875,0.875,1.0,74.20833333333333,30.70522372315318,76.5,-14.333333333333329,1,Kompeten,60200125027,D,UNIFIED
93.0,9.055385138137417,80.0,100.0,91.0,90.0,5.0,93.0,9.055385138137417,80.0,100.0,91.0,5.0,48.5625,34.37153391616382,0.0,90.0,21.0,-34.375,1.0,0,0,1.0,1.0,0.75,78.1875,29.78737585650449,67.66666666666667,-21.916666666666657,1,Kompeten,60200125030,D,UNIFIED
92.25,7.980444849756184,80.0,100.0,93.5,93.0,-1.0,92.25,7.980444849756184,80.0,100.0,93.5,-1.0,52.4375,17.618238951438933,40.0,85.5,40.5,-21.625,1.0,0,0,1.0,1.0,1.0,78.97916666666667,22.31940447171972,75.83333333333333,-8.0,1,Kompeten,60200125041,D,UNIFIED
94.0,7.952986860293433,80.0,100.0,93.5,92.5,5.5,94.0,7.952986860293433,80.0,100.0,93.5,5.5,58.75,22.159930054041237,40.0,88.0,42.75,-34.25,1.0,0,0,1.0,1.0,1.0,82.25,21.95402392880783,76.58333333333333,-14.166666666666671,1,Kompeten,60200125064,D,UNIFIED
93.75,8.227241335952167,81.0,100.0,93.5,90.5,6.0,93.75,8.227241335952167,81.0,100.0,93.5,6.0,58.9375,22.30391991892905,40.0,90.0,43.0,-33.625,1.0,0,0,1.0,1.0,1.0,82.14583333333333,21.91483476184315,76.66666666666667,-13.083333333333329,1,Kompeten,60200125066,D,UNIFIED
91.5,8.689073598491383,80.0,100.0,93.5,91.5,1.5,91.5,8.689073598491383,80.0,100.0,93.5,1.5,75.625,19.716347912328995,41.0,88.0,41.5,-23.0,1.0,0,0,1.0,1.0,1.0,86.20833333333333,15.359522471599028,76.16666666666667,-13.916666666666657,1,Kompeten,60200125067,D,UNIFIED
82.5,32.30711995830021,0.0,100.0,50.0,90.0,-15.0,82.5,32.30711995830021,0.0,100.0,50.0,-15.0,48.1875,15.813241089352935,41.0,90.0,42.75,-11.875,0.875,1,0,0.875,0.875,1.0,71.0625,32.26172671164187,47.583333333333336,-34.416666666666664,0,Belum Kompeten,60200125068,D,UNIFIED
81.125,31.70740252685483,0.0,100.0,93.5,90.0,22.25,81.125,31.70740252685483,0.0,100.0,93.5,22.25,52.5,19.009865859600378,37.5,85.5,42.5,-22.5,1.0,0,0,0.875,0.875,1.0,71.58333333333333,31.189496985719764,76.5,-5.083333333333329,1,Kompeten,60200125071,D,UNIFIED
94.125,7.65567599889128,82.0,100.0,92.5,93.0,4.25,94.125,7.65567599889128,82.0,100.0,92.5,4.25,51.9375,28.572755270537,0.0,90.0,82.25,18.375,1.0,0,0,1.0,1.0,0.875,80.0625,26.584108857548713,89.08333333333333,12.083333333333329,1,Kompeten,60200125076,D,UNIFIED
94.25,7.5291101731877985,82.0,100.0,93.5,92.5,5.0,94.25,7.5291101731877985,82.0,100.0,93.5,5.0,58.75,21.142374511865974,42.0,90.0,43.0,-32.25,1.0,0,0,1.0,1.0,1.0,82.41666666666667,21.606647639609022,76.66666666666667,-13.333333333333329,1,Kompeten,60200125082,D,UNIFIED
81.625,31.748769661201045,0.0,100.0,93.5,90.0,23.25,81.625,31.748769661201045,0.0,100.0,93.5,23.25,64.625,21.95414254759224,41.0,88.5,84.5,-2.5,1.0,0,0,0.875,0.875,1.0,75.95833333333333,29.947842391212244,90.5,8.166666666666671,1,Kompeten,60200125089,D,UNIFIED
94.25,7.5291101731877985,82.0,100.0,93.5,92.5,5.0,94.25,7.5291101731877985,82.0,100.0,93.5,5.0,58.75,21.84605227495348,40.0,90.0,43.0,-33.25,1.0,0,0,1.0,1.0,1.0,82.41666666666667,21.838739788631475,76.66666666666667,-13.833333333333329,1,Kompeten,60200125090,D,UNIFIED
91.625,8.572302782799964,80.0,100.0,93.5,90.0,1.25,91.625,8.572302782799964,80.0,100.0,93.5,1.25,58.8125,23.088061714877668,37.5,90.0,41.5,-36.125,1.0,0,0,1.0,1.0,1.0,80.6875,21.585494985058833,76.16666666666667,-13.083333333333329,1,Kompeten,60200125093,D,UNIFIED
92.375,7.8888766627448295,80.0,100.0,87.0,92.5,2.25,92.375,7.8888766627448295,80.0,100.0,87.0,2.25,70.375,21.40202969346599,42.5,90.0,85.0,-13.0,1.0,0,0,1.0,1.0,1.0,85.04166666666667,17.370303122155228,86.33333333333333,-4.583333333333343,1,Kompeten,60200125108,D,UNIFIED
80.875,31.70740252685483,0.0,100.0,93.5,50.0,21.75,80.875,31.70740252685483,0.0,100.0,93.5,21.75,59.25,22.286486937155438,40.0,88.5,42.25,-35.0,0.875,1,0,0.875,0.875,1.0,73.66666666666667,30.65488904273219,76.41666666666667,13.666666666666671,0,Belum Kompeten,60200125109,D,UNIFIED
81.75,31.728339067779768,0.0,100.0,43.5,92.5,-20.0,81.75,31.728339067779768,0.0,100.0,43.5,-20.0,69.3125,21.065281715419808,41.5,90.0,85.0,-10.875,0.875,1,0,0.875,0.875,1.0,77.60416666666667,29.213288631013267,57.333333333333336,-32.666666666666664,1,Kompeten,60200125110,D,UNIFIED
90.5,7.483314773547883,82.0,100.0,93.5,92.0,3.5,90.5,7.483314773547883,82.0,100.0,93.5,3.5,10.625,18.40303983041932,0.0,42.5,21.25,21.25,1.0,0,0,1.0,1.0,0.25,63.875,39.598045511531666,69.41666666666667,8.083333333333336,1,Kompeten,60200125138,D,UNIFIED
79.25,30.95460385790779,0.0,100.0,43.0,91.5,-23.0,79.25,30.95460385790779,0.0,100.0,43.0,-23.0,63.0,21.781586259958203,40.0,90.0,84.25,-0.5,1.0,0,0,0.875,0.875,1.0,73.83333333333333,29.250949652200276,56.75,-32.58333333333333,1,Kompeten,60200125139,D,UNIFIED
94.0,7.952986860293433,80.0,100.0,93.5,92.5,5.5,94.0,7.952986860293433,80.0,100.0,93.5,5.5,59.0,21.830311495716227,42.0,88.0,42.0,-33.75,1.0,0,0,1.0,1.0,1.0,82.33333333333333,21.75415030644855,76.33333333333333,-14.25,1,Kompeten,60200125140,D,UNIFIED
92.375,7.696387139431072,83.0,100.0,93.5,91.5,1.25,92.375,7.696387139431072,83.0,100.0,93.5,1.25,64.875,21.964104238506973,42.0,90.0,84.5,-3.0,1.0,0,0,1.0,1.0,1.0,83.20833333333333,19.192509751347153,90.5,6.916666666666671,1,Kompeten,60200125141,D,UNIFIED
80.5,31.65043443619692,0.0,100.0,50.0,90.0,-19.0,80.5,31.65043443619692,0.0,100.0,50.0,-19.0,43.3125,30.688900171723326,0.0,87.0,21.75,-43.625,0.875,1,0,0.875,0.875,0.75,68.10416666666667,35.90380062480232,40.583333333333336,-41.416666666666664,1,Kompeten,60200125143,D,UNIFIED
94.375,7.279036680770334,84.0,100.0,93.0,92.5,4.25,94.375,7.279036680770334,84.0,100.0,93.0,4.25,54.375,19.74485692528563,42.0,90.0,42.0,-23.75,1.0,0,0,1.0,1.0,1.0,81.04166666666667,22.82173519306151,76.0,-8.25,1,Kompeten,60200125144,D,UNIFIED
90.5,9.643650760992955,79.0,100.0,92.5,89.5,1.5,90.5,9.643650760992955,79.0,100.0,92.5,1.5,57.5625,45.189488199690864,0.0,110.5,97.75,26.625,1.0,0,0,1.0,1.0,0.625,79.52083333333333,31.365280422343147,94.25,19.91666666666667,0,Belum Kompeten,60200125005,E,UNIFIED
73.125,42.49540416327394,0.0,100.0,92.5,50.0,46.25,73.125,42.49540416327394,0.0,100.0,92.5,46.25,77.5625,21.746317935457487,50.0,100.0,89.0,30.125,0.875,1,0,0.75,0.75,1.0,74.60416666666667,36.95830397405823,91.33333333333333,41.33333333333333,1,Kompeten,60200125014,E,UNIFIED
91.75,8.46684711093805,80.0,100.0,93.5,92.5,1.0,91.75,8.46684711093805,80.0,100.0,93.5,1.0,57.25,44.638828389643024,0.0,104.5,96.5,26.5,1.0,0,0,1.0,1.0,0.625,80.25,31.24899998399949,94.5,18.16666666666667,1,Kompeten,60200125015,E,UNIFIED
82.5,32.30711995830021,0.0,100.0,50.0,90.0,-15.0,82.5,32.30711995830021,0.0,100.0,50.0,-15.0,82.75,5.825590098865522,75.0,93.0,81.5,-7.5,0.875,1,0,0.875,0.875,1.0,82.58333333333333,26.59247491720585,60.5,-28.66666666666667,1,Kompeten,60200125028,E,UNIFIED
91.75,8.46684711093805,80.0,100.0,93.5,92.5,1.0,91.75,8.46684711093805,80.0,100.0,93.5,1.0,68.25,39.75078615574791,0.0,104.5,96.5,4.0,1.0,0,0,1.0,1.0,0.75,83.91666666666667,26.40496586292477,94.5,18.0,1,Kompeten,60200125029,E,UNIFIED
83.25,32.3100216651119,0.0,100.0,93.0,50.0,26.5,83.25,32.3100216651119,0.0,100.0,93.0,26.5,89.125,15.629999200255897,50.0,105.5,98.5,13.25,1.0,0,0,0.875,0.875,1.0,85.20833333333333,28.018935809357377,94.83333333333333,38.166666666666664,1,Kompeten,60200125042,E,UNIFIED
92.125,8.084514518510064,80.0,100.0,93.5,92.5,-0.75,92.125,8.084514518510064,80.0,100.0,93.5,-0.75,42.625,42.68763726185838,0.0,89.0,82.0,85.25,1.0,0,0,1.0,1.0,0.5,75.625,34.57577728699675,89.66666666666667,28.000000000000007,1,Kompeten,60200125045,E,UNIFIED
80.625,31.665981352233505,0.0,100.0,50.0,92.5,-21.25,80.625,31.665981352233505,0.0,100.0,50.0,-21.25,80.875,18.637579644363697,50.0,104.0,93.5,-18.25,0.875,1,0,0.875,0.875,1.0,80.70833333333333,28.005176852781265,64.5,-27.16666666666667,1,Kompeten,60200125069,E,UNIFIED
80.75,31.712576369636068,0.0,100.0,43.5,90.0,-18.0,80.75,31.712576369636068,0.0,100.0,43.5,-18.0,51.0625,41.047561970840604,0.0,90.5,72.25,14.125,0.875,1,0,0.875,0.875,0.625,70.85416666666667,37.788192370618745,53.083333333333336,-21.583333333333336,1,Kompeten,60200125070,E,UNIFIED
91.75,8.46684711093805,80.0,100.0,93.5,90.0,1.0,91.75,8.46684711093805,80.0,100.0,93.5,1.0,93.875,5.395310463726809,86.0,104.5,95.25,4.25,1.0,0,0,1.0,1.0,1.0,92.45833333333333,7.648415776413367,94.08333333333333,3.25,1,Kompeten,60200125091,E,UNIFIED
62.375,36.59896685700294,0.0,100.0,0.0,80.0,-34.75,62.375,36.59896685700294,0.0,100.0,0.0,-34.75,62.75,28.90285453030548,0.0,90.0,56.25,-44.25,0.75,2,0,0.75,0.75,0.875,62.5,34.226877839888736,18.75,-62.83333333333333,0,Belum Kompeten,60200125095,E,UNIFIED
92.75,9.832980219648569,75.0,100.0,93.5,90.0,8.0,92.75,9.832980219648569,75.0,100.0,93.5,8.0,93.8125,8.99283569014802,80.0,112.0,104.25,10.125,1.0,0,0,1.0,1.0,1.0,93.10416666666667,9.574248411175098,97.08333333333333,9.166666666666657,1,Kompeten,60200125098,E,UNIFIED
78.75,31.79524335494226,0.0,100.0,50.0,85.0,-7.5,78.75,31.79524335494226,0.0,100.0,50.0,-7.5,78.375,18.75958088551021,50.0,102.5,88.5,-18.25,0.875,1,0,0.875,0.875,1.0,78.625,28.12999955563455,62.833333333333336,-20.499999999999993,1,Kompeten,60200125111,E,UNIFIED
91.875,11.162856937182346,70.0,100.0,92.5,85.0,8.75,91.875,11.162856937182346,70.0,100.0,92.5,8.75,94.6875,5.994463591515091,85.0,104.0,100.0,6.875,1.0,0,0,1.0,1.0,1.0,92.8125,9.839135823333267,95.0,9.166666666666671,1,Kompeten,60200125112,E,UNIFIED
91.875,11.162856937182346,70.0,100.0,92.5,85.0,8.75,91.875,11.162856937182346,70.0,100.0,92.5,8.75,94.6875,5.994463591515091,85.0,104.0,100.0,6.875,1.0,0,0,1.0,1.0,1.0,92.8125,9.839135823333267,95.0,9.166666666666671,1,Kompeten,60200125145,E,UNIFIED
40.875,41.71761468492656,0.0,100.0,0.0,40.0,1.75,40.875,41.71761468492656,0.0,100.0,0.0,1.75,36.875,32.42852717901324,0.0,83.5,44.0,-4.75,0.75,2,0,0.5,0.5,0.625,39.541666666666664,38.914413746351386,14.666666666666666,-12.000000000000002,1,Kompeten,60200125146,E,UNIFIED
91.375,8.845019785167244,80.0,100.0,93.0,92.5,10.25,91.375,8.845019785167244,80.0,100.0,93.0,10.25,36.0625,46.70816142549394,0.0,104.0,99.75,27.625,1.0,0,0,1.0,1.0,0.375,72.9375,38.20021610431892,95.25,18.75,1,Kompeten,60200125148,E,UNIFIED
89.5,8.306623862918075,80.0,100.0,91.0,91.5,-5.5,89.5,8.306623862918075,80.0,100.0,91.0,-5.5,89.5,8.65303414993839,80.0,109.5,98.0,6.25,1.0,0,0,1.0,1.0,1.0,89.5,8.42367694853817,93.33333333333333,3.5,1,Kompeten,60200125149,E,UNIFIED
77.75,30.865636231900357,0.0,100.0,43.0,90.5,-12.5,77.75,30.865636231900357,0.0,100.0,43.0,-12.5,77.8125,18.799829620238583,43.0,100.0,70.5,-17.125,0.875,1,0,0.875,0.875,1.0,77.77083333333333,27.4396987223297,52.166666666666664,-34.50000000000001,1,Kompeten,60200125150,E,UNIFIED
