population,scenario,model,feature_selection,best_threshold,cv_accuracy_mean,cv_accuracy_std,cv_accuracy_ci_lower,cv_accuracy_ci_upper,cv_balanced_accuracy_mean,cv_balanced_accuracy_std,cv_balanced_accuracy_ci_lower,cv_balanced_accuracy_ci_upper,cv_precision_mean,cv_precision_std,cv_precision_ci_lower,cv_precision_ci_upper,cv_recall_mean,cv_recall_std,cv_recall_ci_lower,cv_recall_ci_upper,cv_f1_mean,cv_f1_std,cv_f1_ci_lower,cv_f1_ci_upper,cv_roc_auc_mean,cv_roc_auc_std,cv_roc_auc_ci_lower,cv_roc_auc_ci_upper,test_accuracy,test_balanced_accuracy,test_precision,test_recall,test_f1,test_roc_auc,test_recall_belum_kompeten,best_params,cutoff,cv_accuracy,cv_balanced_accuracy
P2,S6,DecisionTree,False,0.6,0.7026315789473685,0.096069573127429,0.6621582815232628,0.7431048763714742,0.665,0.12235535678233844,0.6134527245695625,0.7165472754304376,0.6286367700926524,0.09553804079510853,0.5883874027379351,0.6688861374473697,0.665,0.12235535678233844,0.6134527245695625,0.7165472754304376,0.6126120003034908,0.09992831189344256,0.5705130489217931,0.6547109516851886,0.7279999999999999,0.1314876552084728,0.6726053645955947,0.783394635404405,0.76,0.85,0.7272727272727273,0.85,0.7242647058823529,0.85,1.0,"{""model__min_samples_split"": 10, ""model__min_samples_leaf"": 4, ""model__max_features"": ""sqrt"", ""model__max_depth"": 3, ""model__criterion"": ""entropy"", ""model__class_weight"": null, ""model__ccp_alpha"": 0.0}",C1,0.7026 ± 0.0961,0.6650 ± 0.1224
P2,S6,RandomForest,False,0.5,0.7554736842105264,0.07439849282123948,0.7241302293596846,0.7868171390613682,0.6204166666666666,0.11150641486280309,0.573439958573546,0.6673933747597872,0.6217798238053657,0.14539216406503444,0.5605273365945278,0.6830323110162035,0.6204166666666666,0.11150641486280309,0.573439958573546,0.6673933747597872,0.6034533733168328,0.10968134219284523,0.5572455528807212,0.6496611937529444,0.714375,0.13073875296857385,0.6592958707658658,0.7694541292341341,0.84,0.825,0.7579365079365079,0.825,0.7807017543859649,0.8500000000000001,0.8,"{""model__n_estimators"": 200, ""model__min_samples_split"": 4, ""model__min_samples_leaf"": 1, ""model__max_features"": ""log2"", ""model__max_depth"": null, ""model__criterion"": ""entropy"", ""model__class_weight"": null}",C1,0.7555 ± 0.0744,0.6204 ± 0.1115
P2,S6,DecisionTree,True,0.55,0.7036842105263159,0.11447580155331623,0.6554565249719662,0.7519118960806657,0.6259999999999999,0.17191640410385509,0.5535730751280764,0.6984269248719234,0.5908509529686,0.13234445804540318,0.5350953537863409,0.6466065521508592,0.6259999999999999,0.17191640410385509,0.5535730751280764,0.6984269248719234,0.5853955701331053,0.14184163737684166,0.5256388897421108,0.6451522505240997,0.6337708333333334,0.17818594717550915,0.5587026030699962,0.7088390635966706,0.52,0.625,0.5833333333333334,0.625,0.5,0.63,0.8,"{""selector__k"": 5, ""selector__importance_type"": ""permutation"", ""model__min_samples_split"": 2, ""model__min_samples_leaf"": 3, ""model__max_features"": ""sqrt"", ""model__max_depth"": 4, ""model__criterion"": ""gini"", ""model__class_weight"": null, ""model__ccp_alpha"": 0.0}",C1,0.7037 ± 0.1145,0.6260 ± 0.1719
P2,S6,RandomForest,True,0.45,0.7453684210526316,0.08095099574379155,0.7112644522219369,0.7794723898833262,0.6290833333333333,0.11006387034606567,0.5827143570263837,0.6754523096402829,0.6196365886435546,0.12058106407864583,0.5688368077004583,0.670436369586651,0.6290833333333333,0.11006387034606567,0.5827143570263837,0.6754523096402829,0.6104092553471766,0.10477742778869906,0.5662674125120907,0.6545510981822625,0.7235416666666667,0.10414124689840983,0.6796678414520407,0.7674154918812928,0.88,0.925,0.8125,0.925,0.8440748440748441,0.8999999999999999,1.0,"{""selector__k"": 12, ""selector__importance_type"": ""permutation"", ""model__n_estimators"": 500, ""model__min_samples_split"": 10, ""model__min_samples_leaf"": 3, ""model__max_features"": 0.5, ""model__max_depth"": null, ""model__criterion"": ""entropy"", ""model__class_weight"": null}",C1,0.7454 ± 0.0810,0.6291 ± 0.1101
P2,S6,DecisionTree,False,0.3,0.7512631578947367,0.0742799973447776,0.7199696241844407,0.7825566916050328,0.6544999999999999,0.10040141654600516,0.6122017336354979,0.6967982663645018,0.6356718379659556,0.0897744357504847,0.5978506285972921,0.6734930473346191,0.6544999999999999,0.10040141654600516,0.6122017336354979,0.6967982663645018,0.6331178338648273,0.09338815290802256,0.5937741960668251,0.6724614716628295,0.6931875,0.1339228439251497,0.6367669402159459,0.749608059784054,0.92,0.875,0.875,0.875,0.875,0.915,0.8,"{""model__min_samples_split"": 2, ""model__min_samples_leaf"": 5, ""model__max_features"": ""log2"", ""model__max_depth"": 6, ""model__criterion"": ""gini"", ""model__class_weight"": null, ""model__ccp_alpha"": 0.015}",C2,0.7513 ± 0.0743,0.6545 ± 0.1004
P2,S6,RandomForest,False,0.45,0.732421052631579,0.08419315610324891,0.6969511891033935,0.7678909161597645,0.6489999999999999,0.1325512479508712,0.5931572819821318,0.704842718017868,0.6174260690290102,0.1098802948555783,0.5711344315212704,0.66371770653675,0.6489999999999999,0.1325512479508712,0.5931572819821318,0.704842718017868,0.6190209778534551,0.11712251146927956,0.5696782558298371,0.6683636998770731,0.7188333333333334,0.1398188063570531,0.6599288545170666,0.7777378121496002,0.8,0.8,0.7205882352941176,0.8,0.7401247401247402,0.9,0.8,"{""model__n_estimators"": 800, ""model__min_samples_split"": 8, ""model__min_samples_leaf"": 4, ""model__max_features"": 0.7, ""model__max_depth"": 3, ""model__criterion"": ""entropy"", ""model__class_weight"": null}",C2,0.7324 ± 0.0842,0.6490 ± 0.1326
P2,S6,DecisionTree,True,0.6,0.6832631578947368,0.08406197423606808,0.6478485601760497,0.7186777556134238,0.5832499999999999,0.134852645918095,0.5264377225119847,0.6400622774880151,0.5578653780859664,0.11384777028575119,0.5099022767850522,0.6058284793868806,0.5832499999999999,0.134852645918095,0.5264377225119847,0.6400622774880151,0.5522265968111876,0.11454090034157023,0.5039714856887502,0.600481707933625,0.6105208333333334,0.1623587126165393,0.5421204829288625,0.6789211837378043,0.76,0.55,0.5757575757575758,0.55,0.5535714285714286,0.7849999999999999,0.2,"{""selector__k"": ""all"", ""selector__importance_type"": ""permutation"", ""model__min_samples_split"": 2, ""model__min_samples_leaf"": 4, ""model__max_features"": ""sqrt"", ""model__max_depth"": 6, ""model__criterion"": ""log_loss"", ""model__class_weight"": null, ""model__ccp_alpha"": 0.015}",C2,0.6833 ± 0.0841,0.5832 ± 0.1349
P2,S6,RandomForest,True,0.5,0.7507368421052633,0.0779534629267454,0.717895708460501,0.7835779757500255,0.6566666666666666,0.12405755832587459,0.6044022681440309,0.7089310651893024,0.6324169898728722,0.1190281295269862,0.5822714471026271,0.6825625326431173,0.6566666666666666,0.12405755832587459,0.6044022681440309,0.7089310651893024,0.6312074857796738,0.11802970654412141,0.5814825701552051,0.6809324014041425,0.7225,0.1299966612819131,0.6677335077077449,0.7772664922922552,0.84,0.9,0.7777777777777778,0.9,0.8015873015873016,0.87,1.0,"{""selector__k"": 25, ""selector__importance_type"": ""gini"", ""model__n_estimators"": 500, ""model__min_samples_split"": 8, ""model__min_samples_leaf"": 4, ""model__max_features"": ""sqrt"", ""model__max_depth"": 5, ""model__criterion"": ""entropy"", ""model__class_weight"": null}",C2,0.7507 ± 0.0780,0.6567 ± 0.1241
P2,S6,DecisionTree,False,0.7,0.7041052631578948,0.10143862683342285,0.6613700288847469,0.7468404974310426,0.59275,0.13293837335815084,0.5367441893270987,0.6487558106729013,0.5757370603252956,0.14001367560744007,0.5167504847444344,0.6347236359061568,0.59275,0.13293837335815084,0.5367441893270987,0.6487558106729013,0.5663389551956521,0.13208531172323104,0.5106925321638868,0.6219853782274175,0.6213958333333333,0.13471113642820248,0.5646431725947874,0.6781484940718792,0.72,0.75,0.6666666666666667,0.75,0.6666666666666667,0.8,0.8,"{""model__min_samples_split"": 4, ""model__min_samples_leaf"": 3, ""model__max_features"": null, ""model__max_depth"": 9, ""model__criterion"": ""entropy"", ""model__class_weight"": null, ""model__ccp_alpha"": 0.01}",C3,0.7041 ± 0.1014,0.5927 ± 0.1329
P2,S6,RandomForest,False,0.5,0.7733684210526316,0.07029939928737802,0.7437518795872083,0.8029849625180548,0.6744999999999999,0.11835428218324467,0.6246383434080094,0.7243616565919904,0.6458253495730275,0.11256755890702726,0.5984015904822436,0.6932491086638114,0.6744999999999999,0.11835428218324467,0.6246383434080094,0.7243616565919904,0.6486466989072006,0.11052515357312294,0.6020833878838817,0.6952100099305195,0.6811666666666666,0.15455691598171134,0.6160531471011851,0.7462801862321481,0.88,0.8500000000000001,0.8070175438596491,0.8500000000000001,0.8251748251748252,0.8500000000000001,0.8,"{""model__n_estimators"": 200, ""model__min_samples_split"": 10, ""model__min_samples_leaf"": 4, ""model__max_features"": ""sqrt"", ""model__max_depth"": 6, ""model__criterion"": ""gini"", ""model__class_weight"": null}",C3,0.7734 ± 0.0703,0.6745 ± 0.1184
P2,S6,DecisionTree,True,0.6,0.7058947368421054,0.1009244801449122,0.6633761082138698,0.7484133654703409,0.6075833333333334,0.13941953075360553,0.54884706594683,0.6663196007198368,0.591786785196228,0.12901523360758224,0.5374337600702186,0.6461398103222373,0.6075833333333334,0.13941953075360553,0.54884706594683,0.6663196007198368,0.5806750759001299,0.12199284263853656,0.5292805246078862,0.6320696271923736,0.6384375,0.19610492027724458,0.5558201581473033,0.7210548418526966,0.72,0.75,0.6666666666666667,0.75,0.6666666666666667,0.7849999999999999,0.8,"{""selector__k"": 8, ""selector__importance_type"": ""permutation"", ""model__min_samples_split"": 4, ""model__min_samples_leaf"": 4, ""model__max_features"": null, ""model__max_depth"": 5, ""model__criterion"": ""gini"", ""model__class_weight"": null, ""model__ccp_alpha"": 0.005}",C3,0.7059 ± 0.1009,0.6076 ± 0.1394
P2,S6,RandomForest,True,0.4,0.7528421052631579,0.09458443881782032,0.7129944823442133,0.7926897281821025,0.6418333333333333,0.12154520192550224,0.5906273692818567,0.6930392973848098,0.6333429186053025,0.134272794214574,0.5767749277284847,0.6899109094821202,0.6418333333333333,0.12154520192550224,0.5906273692818567,0.6930392973848098,0.6251147067028274,0.12453357449818117,0.5726497665987806,0.6775796468068742,0.675875,0.16001510345380943,0.6084619922848029,0.7432880077151971,0.88,0.8500000000000001,0.8070175438596491,0.8500000000000001,0.8251748251748252,0.84,0.8,"{""selector__k"": 12, ""selector__importance_type"": ""permutation"", ""model__n_estimators"": 200, ""model__min_samples_split"": 10, ""model__min_samples_leaf"": 3, ""model__max_features"": 1.0, ""model__max_depth"": 5, ""model__criterion"": ""gini"", ""model__class_weight"": null}",C3,0.7528 ± 0.0946,0.6418 ± 0.1215
P2,S6,DecisionTree,False,0.7,0.7363157894736843,0.1067993173331435,0.6913221416994586,0.7813094372479099,0.6347499999999999,0.15316081780635382,0.5702246447704789,0.699275355229521,0.6235161292955411,0.1546615313973984,0.5583585361415506,0.6886737224495316,0.6347499999999999,0.15316081780635382,0.5702246447704789,0.699275355229521,0.6119637640538315,0.14241171499654848,0.5519669147903614,0.6719606133173015,0.6533958333333334,0.16668561871412635,0.5831725940399786,0.7236190726266882,0.68,0.7250000000000001,0.6461038961038961,0.7250000000000001,0.6323529411764706,0.69,0.8,"{""model__min_samples_split"": 2, ""model__min_samples_leaf"": 5, ""model__max_features"": null, ""model__max_depth"": 10, ""model__criterion"": ""gini"", ""model__class_weight"": null, ""model__ccp_alpha"": 0.005}",C4,0.7363 ± 0.1068,0.6347 ± 0.1532
P2,S6,RandomForest,False,0.5,0.7521052631578946,0.09327230559865961,0.7128104308500699,0.7914000954657193,0.6524166666666666,0.1432117701556374,0.5920827609413495,0.7127505723919838,0.6382136733235805,0.15185705969952265,0.5742375803412942,0.7021897663058667,0.6524166666666666,0.1432117701556374,0.5920827609413495,0.7127505723919838,0.6297362664889329,0.13568764682062864,0.5725722101933569,0.6869003227845089,0.64425,0.1635978194468917,0.5753276243834615,0.7131723756165385,0.8,0.725,0.6973684210526316,0.725,0.7086247086247086,0.88,0.6,"{""model__n_estimators"": 200, ""model__min_samples_split"": 10, ""model__min_samples_leaf"": 5, ""model__max_features"": ""sqrt"", ""model__max_depth"": 5, ""model__criterion"": ""gini"", ""model__class_weight"": null}",C4,0.7521 ± 0.0933,0.6524 ± 0.1432
P2,S6,DecisionTree,True,0.55,0.6896842105263158,0.09969460291518047,0.6476837187575835,0.7316847022950481,0.5889166666666666,0.10946321046106973,0.5428007432815192,0.6350325900518141,0.5691480970010382,0.10974578123449144,0.5229131289424966,0.6153830650595797,0.5889166666666666,0.10946321046106973,0.5428007432815192,0.6350325900518141,0.5631154085069546,0.10827581684434937,0.517499723994996,0.6087310930189133,0.6195833333333333,0.1364743947290724,0.562087826807891,0.6770788398587755,0.68,0.7250000000000001,0.6461038961038961,0.7250000000000001,0.6323529411764706,0.765,0.8,"{""selector__k"": ""all"", ""selector__importance_type"": ""permutation"", ""model__min_samples_split"": 8, ""model__min_samples_leaf"": 4, ""model__max_features"": ""log2"", ""model__max_depth"": 9, ""model__criterion"": ""entropy"", ""model__class_weight"": null, ""model__ccp_alpha"": 0.02}",C4,0.6897 ± 0.0997,0.5889 ± 0.1095
P2,S6,RandomForest,True,0.5,0.758421052631579,0.08314456921881139,0.7233929498760011,0.7934491553871569,0.6396666666666667,0.13202414551891636,0.5840460124386854,0.6952873208946481,0.6264491177037617,0.15074932569992502,0.5629397036727084,0.6899585317348149,0.6396666666666667,0.13202414551891636,0.5840460124386854,0.6952873208946481,0.6193765309642919,0.13112925199366762,0.564132887798515,0.6746201741300688,0.6379166666666667,0.15990801392258822,0.5705487748638968,0.7052845584694366,0.84,0.75,0.75,0.75,0.75,0.84,0.6,"{""selector__k"": 20, ""selector__importance_type"": ""permutation"", ""model__n_estimators"": 500, ""model__min_samples_split"": 4, ""model__min_samples_leaf"": 3, ""model__max_features"": ""sqrt"", ""model__max_depth"": 8, ""model__criterion"": ""entropy"", ""model__class_weight"": null}",C4,0.7584 ± 0.0831,0.6397 ± 0.1320
P2,S6,DecisionTree,False,0.35,0.7305263157894737,0.09417082374239555,0.6908529453983774,0.77019968618057,0.6,0.13096861371251425,0.5448240323814245,0.6551759676185754,0.6002638619550384,0.1504768415267949,0.5368692431981126,0.6636584807119643,0.6,0.13096861371251425,0.5448240323814245,0.6551759676185754,0.588485505025484,0.1300284390117831,0.5337056250448003,0.6432653850061677,0.5647708333333333,0.13883325205079652,0.506281560198389,0.6232601064682777,0.72,0.6000000000000001,0.587719298245614,0.6000000000000001,0.592074592074592,0.665,0.4,"{""model__min_samples_split"": 2, ""model__min_samples_leaf"": 2, ""model__max_features"": null, ""model__max_depth"": 8, ""model__criterion"": ""gini"", ""model__class_weight"": null, ""model__ccp_alpha"": 0.01}",C_Full,0.7305 ± 0.0942,0.6000 ± 0.1310
P2,S6,RandomForest,False,0.5,0.7527368421052629,0.1104623373726961,0.7061999950151142,0.7992736891954116,0.63725,0.15726428569626213,0.5709958885059098,0.7035041114940902,0.6386686905285976,0.1779571941925452,0.5636968319593854,0.7136405490978099,0.63725,0.15726428569626213,0.5709958885059098,0.7035041114940902,0.6202974805165802,0.15207124867472596,0.5562311515332776,0.6843638094998827,0.6561666666666668,0.15346374662368237,0.5915136900922917,0.7208196432410419,0.84,0.75,0.75,0.75,0.75,0.91,0.6,"{""model__n_estimators"": 200, ""model__min_samples_split"": 10, ""model__min_samples_leaf"": 4, ""model__max_features"": ""sqrt"", ""model__max_depth"": 6, ""model__criterion"": ""gini"", ""model__class_weight"": null}",C_Full,0.7527 ± 0.1105,0.6372 ± 0.1573
P2,S6,DecisionTree,True,0.6,0.7328421052631579,0.11442042318134132,0.6846377501478518,0.7810464603784639,0.6158333333333332,0.143911141565435,0.5552047883569275,0.6764618783097389,0.6256515752049807,0.1422151621324019,0.5657375319983213,0.6855656184116401,0.6158333333333332,0.143911141565435,0.5552047883569275,0.6764618783097389,0.6044704902123111,0.1340694413638233,0.5479881701690626,0.6609528102555596,0.6192291666666666,0.1625188904618305,0.5507613346927229,0.6876969986406103,0.8,0.8,0.7205882352941176,0.8,0.7401247401247402,0.79,0.8,"{""selector__k"": ""all"", ""selector__importance_type"": ""permutation"", ""model__min_samples_split"": 4, ""model__min_samples_leaf"": 5, ""model__max_features"": ""sqrt"", ""model__max_depth"": 10, ""model__criterion"": ""log_loss"", ""model__class_weight"": null, ""model__ccp_alpha"": 0.0}",C_Full,0.7328 ± 0.1144,0.6158 ± 0.1439
P2,S6,RandomForest,True,0.5,0.7650526315789473,0.11038216163243135,0.7185495618490626,0.811555701308832,0.6395000000000001,0.15993323259688363,0.5721214837833583,0.7068785162166419,0.6483619531483308,0.18141519427394345,0.571933268434993,0.7247906378616685,0.6395000000000001,0.15993323259688363,0.5721214837833583,0.7068785162166419,0.627385234983923,0.15444439238925486,0.562319120654839,0.6924513493130069,0.6544166666666666,0.15225825556891454,0.5902715532628399,0.7185617800704934,0.88,0.8500000000000001,0.8070175438596491,0.8500000000000001,0.8251748251748252,0.9,0.8,"{""selector__k"": 25, ""selector__importance_type"": ""permutation"", ""model__n_estimators"": 200, ""model__min_samples_split"": 2, ""model__min_samples_leaf"": 3, ""model__max_features"": ""log2"", ""model__max_depth"": 8, ""model__criterion"": ""log_loss"", ""model__class_weight"": null}",C_Full,0.7651 ± 0.1104,0.6395 ± 0.1599
