Laporan_Improvement,Respons_Improvement,TP_Improvement,Laporan_EarlyMean,Laporan_LateMean,Respons_EarlyMean,Respons_LateMean,TP_EarlyMean,TP_LateMean,Overall_Consistency,Overall_Recent_Mean,Overall_Trend,Performance_Mean,Laporan_Mean,Respons_Mean,TP_Mean,Laporan_Std,Respons_Std,TP_Std,Laporan_Completion_Rate,Attendance_PreFinal_Rate
0.08330403187998121,0.20687119081106417,-0.26762775433661506,0.0,-0.18921413502109707,0.0,0.0,0.0,0.0,0.0,0.0,0.0,0.0,0.0,0.0,0.0,0.0,0.0,0.0,0.0,0.0
0.062201269281317,-0.06104395794424846,-0.04725738396624473,0.0,-0.45389992737082385,0.0,0.0,0.0,0.0,0.0,0.0,0.0,0.0,0.0,0.0,0.0,0.0,0.0,0.0,0.0,0.0
0.08330403187998121,0.20687119081106417,-0.26762775433661506,0.0,-0.18921413502109707,0.0,0.0,0.0,0.0,0.0,0.0,0.0,0.0,0.0,0.0,0.0,0.0,0.0,0.0,0.0,0.0
0.08330403187998121,0.20687119081106417,-0.26762775433661506,0.0,-0.18921413502109707,0.0,0.0,0.0,0.0,0.0,0.0,0.0,0.0,0.0,0.0,0.0,0.0,0.0,0.0,0.0,0.0
0.062201269281317,-0.06104395794424846,-0.04725738396624473,0.0,-0.45389992737082385,0.0,0.0,0.0,0.0,0.0,0.0,0.0,0.0,0.0,0.0,0.0,0.0,0.0,0.0,0.0,0.0
0.13723679060489855,0.022080562402304015,-0.04725738396624473,0.0,0.17172381474282583,0.0,0.0,0.0,0.0,0.0,0.0,0.0,0.0,0.0,0.0,0.0,0.0,0.0,0.0,0.0,0.0
0.08330403187998121,0.20687119081106417,-0.26762775433661506,0.0,-0.18921413502109707,0.0,0.0,0.0,0.0,0.0,0.0,0.0,0.0,0.0,0.0,0.0,0.0,0.0,0.0,0.0,0.0
0.08330403187998121,0.20687119081106417,-0.26762775433661506,0.0,-0.18921413502109707,0.0,0.0,0.0,0.0,0.0,0.0,0.0,0.0,0.0,0.0,0.0,0.0,0.0,0.0,0.0,0.0
0.062201269281317,-0.06104395794424846,-0.04725738396624473,0.0,-0.45389992737082385,0.0,0.0,0.0,0.0,0.0,0.0,0.0,0.0,0.0,0.0,0.0,0.0,0.0,0.0,0.0,0.0
0.062201269281317,-0.06104395794424846,-0.04725738396624473,0.0,-0.45389992737082385,0.0,0.0,0.0,0.0,0.0,0.0,0.0,0.0,0.0,0.0,0.0,0.0,0.0,0.0,0.0,0.0
0.062201269281317,-0.06104395794424846,-0.04725738396624473,0.0,-0.45389992737082385,0.0,0.0,0.0,0.0,0.0,0.0,0.0,0.0,0.0,0.0,0.0,0.0,0.0,0.0,0.0,0.0
0.062201269281317,-0.06104395794424846,-0.04725738396624473,0.0,-0.45389992737082385,0.0,0.0,0.0,0.0,0.0,0.0,0.0,0.0,0.0,0.0,0.0,0.0,0.0,0.0,0.0,0.0
0.062201269281317,-0.06104395794424846,-0.04725738396624473,0.0,-0.45389992737082385,0.0,0.0,0.0,0.0,0.0,0.0,0.0,0.0,0.0,0.0,0.0,0.0,0.0,0.0,0.0,0.0
0.13723679060489855,0.022080562402304015,-0.04725738396624473,0.0,0.17172381474282583,0.0,0.0,0.0,0.0,0.0,0.0,0.0,0.0,0.0,0.0,0.0,0.0,0.0,0.0,0.0,0.0
0.062201269281317,-0.06104395794424846,-0.04725738396624473,0.0,-0.45389992737082385,0.0,0.0,0.0,0.0,0.0,0.0,0.0,0.0,0.0,0.0,0.0,0.0,0.0,0.0,0.0,0.0
0.062201269281317,-0.06104395794424846,-0.04725738396624473,0.0,-0.45389992737082385,0.0,0.0,0.0,0.0,0.0,0.0,0.0,0.0,0.0,0.0,0.0,0.0,0.0,0.0,0.0,0.0
0.08330403187998121,0.20687119081106417,-0.26762775433661506,0.0,-0.18921413502109707,0.0,0.0,0.0,0.0,0.0,0.0,0.0,0.0,0.0,0.0,0.0,0.0,0.0,0.0,0.0,0.0
0.062201269281317,-0.06104395794424846,-0.04725738396624473,0.0,-0.45389992737082385,0.0,0.0,0.0,0.0,0.0,0.0,0.0,0.0,0.0,0.0,0.0,0.0,0.0,0.0,0.0,0.0
0.062201269281317,-0.06104395794424846,-0.04725738396624473,0.0,-0.45389992737082385,0.0,0.0,0.0,0.0,0.0,0.0,0.0,0.0,0.0,0.0,0.0,0.0,0.0,0.0,0.0,0.0
0.062201269281317,-0.06104395794424846,-0.04725738396624473,0.0,-0.45389992737082385,0.0,0.0,0.0,0.0,0.0,0.0,0.0,0.0,0.0,0.0,0.0,0.0,0.0,0.0,0.0,0.0
0.08330403187998121,0.20687119081106417,-0.26762775433661506,0.0,-0.18921413502109707,0.0,0.0,0.0,0.0,0.0,0.0,0.0,0.0,0.0,0.0,0.0,0.0,0.0,0.0,0.0,0.0
0.08330403187998121,0.20687119081106417,-0.26762775433661506,0.0,-0.18921413502109707,0.0,0.0,0.0,0.0,0.0,0.0,0.0,0.0,0.0,0.0,0.0,0.0,0.0,0.0,0.0,0.0
0.062201269281317,-0.06104395794424846,-0.04725738396624473,0.0,-0.45389992737082385,0.0,0.0,0.0,0.0,0.0,0.0,0.0,0.0,0.0,0.0,0.0,0.0,0.0,0.0,0.0,0.0
0.062201269281317,-0.06104395794424846,-0.04725738396624473,0.0,-0.45389992737082385,0.0,0.0,0.0,0.0,0.0,0.0,0.0,0.0,0.0,0.0,0.0,0.0,0.0,0.0,0.0,0.0
0.062201269281317,-0.06104395794424846,-0.04725738396624473,0.0,-0.45389992737082385,0.0,0.0,0.0,0.0,0.0,0.0,0.0,0.0,0.0,0.0,0.0,0.0,0.0,0.0,0.0,0.0
