population,scenario,model,best_threshold,cv_accuracy_mean,cv_accuracy_std,cv_accuracy_ci_lower,cv_accuracy_ci_upper,cv_balanced_accuracy_mean,cv_balanced_accuracy_std,cv_balanced_accuracy_ci_lower,cv_balanced_accuracy_ci_upper,cv_precision_mean,cv_precision_std,cv_precision_ci_lower,cv_precision_ci_upper,cv_recall_mean,cv_recall_std,cv_recall_ci_lower,cv_recall_ci_upper,cv_f1_mean,cv_f1_std,cv_f1_ci_lower,cv_f1_ci_upper,cv_roc_auc_mean,cv_roc_auc_std,cv_roc_auc_ci_lower,cv_roc_auc_ci_upper,test_accuracy,test_balanced_accuracy,test_precision,test_recall,test_f1,test_roc_auc,test_recall_belum_kompeten,best_params
P0,S1,Dummy,0.3,0.6427692307692309,0.005538461538461536,0.6404359238352988,0.645102537703163,0.5,0.0,,,0.32138461538461544,0.002769230769230768,0.3202179619176494,0.3225512688515815,0.5,0.0,,,0.39126488939308,0.002041973908111161,0.3904046230816473,0.39212515570451273,0.5,0.0,,,0.65625,0.5,0.328125,0.5,0.39622641509433965,0.5,0.0,{}
P0,S1,LogisticRegression,0.5,0.8124923076923077,0.05265463223552119,0.7903093571300273,0.8346752582545882,0.7703758169934641,0.061001250163140924,0.7446765069963204,0.7960751269906079,0.8233634800012508,0.06763596620709404,0.7948690203325746,0.8518579396699271,0.7703758169934641,0.061001250163140924,0.7446765069963204,0.7960751269906079,0.7810177590375832,0.0626085029534424,0.754641327053738,0.8073941910214284,0.8288071895424837,0.08192623071551365,0.7942923624786984,0.863322016606269,0.90625,0.9069264069264069,0.8916666666666666,0.9069264069264069,0.8981972428419936,0.9415584415584416,0.9090909090909091,"{""model__class_weight"": null, ""model__C"": 10.0}"
P0,S1,DecisionTree,0.55,0.7948307692307693,0.05804039401380823,0.7703788428501113,0.8192826956114274,0.750718954248366,0.06581086775629215,0.72299339309795,0.778444515398782,0.8025787586166844,0.0746704987497716,0.7711207099721136,0.8340368072612552,0.750718954248366,0.06581086775629215,0.72299339309795,0.778444515398782,0.7600178172231254,0.0691423593724013,0.7308887268734504,0.7891469075728005,0.7732516339869281,0.07610380026458792,0.741189747554605,0.8053135204192512,0.84375,0.8593073593073592,0.8293650793650793,0.8593073593073592,0.8358974358974359,0.9004329004329004,0.9090909090909091,"{""model__min_samples_split"": 2, ""model__min_samples_leaf"": 4, ""model__max_features"": ""sqrt"", ""model__max_depth"": 4, ""model__criterion"": ""entropy"", ""model__class_weight"": null, ""model__ccp_alpha"": 0.015}"
P0,S1,RandomForest,0.5,0.8172307692307693,0.04703366539483578,0.7974158843874063,0.8370456540741323,0.7632843137254902,0.057274897788263106,0.7391548844207005,0.7874137430302799,0.8504642711949212,0.06443128927592903,0.8233199147728906,0.8776086276169518,0.7632843137254902,0.057274897788263106,0.7391548844207005,0.7874137430302799,0.7781958007267606,0.05957507765803861,0.7530973251259613,0.80329427632756,0.7962254901960785,0.07215587387281813,0.765826831712636,0.8266241486795209,0.84375,0.7943722943722944,0.8541666666666667,0.7943722943722944,0.8128654970760234,0.9350649350649349,0.6363636363636364,"{""model__n_estimators"": 800, ""model__min_samples_split"": 4, ""model__min_samples_leaf"": 1, ""model__max_features"": ""sqrt"", ""model__max_depth"": 4, ""model__criterion"": ""entropy"", ""model__class_weight"": null}"
P0,S2,Dummy,0.3,0.6427692307692309,0.005538461538461536,0.6404359238352988,0.645102537703163,0.5,0.0,,,0.32138461538461544,0.002769230769230768,0.3202179619176494,0.3225512688515815,0.5,0.0,,,0.39126488939308,0.002041973908111161,0.3904046230816473,0.39212515570451273,0.5,0.0,,,0.65625,0.5,0.328125,0.5,0.39622641509433965,0.5,0.0,{}
P0,S2,LogisticRegression,0.5,0.8062769230769233,0.06327686135888815,0.7796189173580349,0.8329349287958118,0.7793545751633987,0.07078553015267497,0.7495332308820818,0.8091759194447156,0.8010633546879677,0.07445763337292649,0.7696949844236363,0.8324317249522992,0.7793545751633987,0.07078553015267497,0.7495332308820818,0.8091759194447156,0.7832256619960605,0.06932595146412492,0.7540192258532155,0.8124320981389055,0.8525,0.06530910231922568,0.8249858283781353,0.8800141716218648,0.84375,0.8593073593073592,0.8293650793650793,0.8593073593073592,0.8358974358974359,0.9458874458874458,0.9090909090909091,"{""model__class_weight"": ""balanced"", ""model__C"": 0.1}"
P0,S2,DecisionTree,0.3,0.7377230769230769,0.08812483883068899,0.7005968287642047,0.7748493250819491,0.7130392156862746,0.08039961822407572,0.679167537534324,0.7469108938382252,0.7347697386892433,0.10026249790664625,0.692529997570826,0.7770094798076607,0.7130392156862746,0.08039961822407572,0.679167537534324,0.7469108938382252,0.7121773215951968,0.08681377416272135,0.6756034138758777,0.7487512293145158,0.7538643790849675,0.0712149569676433,0.7238621209238623,0.7838666372460728,0.71875,0.6774891774891775,0.6863636363636363,0.6774891774891775,0.681063122923588,0.7748917748917749,0.5454545454545454,"{""model__min_samples_split"": 10, ""model__min_samples_leaf"": 1, ""model__max_features"": null, ""model__max_depth"": 4, ""model__criterion"": ""log_loss"", ""model__class_weight"": ""balanced"", ""model__ccp_alpha"": 0.005}"
P0,S2,RandomForest,0.45,0.7837538461538464,0.05951294225509262,0.758681547672005,0.8088261446356877,0.755874183006536,0.06247025756490485,0.729555992633907,0.7821923733791649,0.7732550711242661,0.06934667126364291,0.7440399059053863,0.8024702363431458,0.755874183006536,0.06247025756490485,0.729555992633907,0.7821923733791649,0.7593823386181036,0.06403487011400708,0.7324049902312164,0.7863596870049907,0.829763071895425,0.06240902644717199,0.8034706776740532,0.8560554661167967,0.875,0.8831168831168831,0.8582995951417004,0.8831168831168831,0.8666666666666667,0.9242424242424242,0.9090909090909091,"{""model__n_estimators"": 200, ""model__min_samples_split"": 10, ""model__min_samples_leaf"": 5, ""model__max_features"": ""sqrt"", ""model__max_depth"": 6, ""model__criterion"": ""gini"", ""model__class_weight"": ""balanced""}"
P0,S3,Dummy,0.3,0.6427692307692309,0.005538461538461536,0.6404359238352988,0.645102537703163,0.5,0.0,,,0.32138461538461544,0.002769230769230768,0.3202179619176494,0.3225512688515815,0.5,0.0,,,0.39126488939308,0.002041973908111161,0.3904046230816473,0.39212515570451273,0.5,0.0,,,0.65625,0.5,0.328125,0.5,0.39622641509433965,0.5,0.0,{}
P0,S3,LogisticRegression,0.5,0.8028923076923078,0.05966743335815858,0.7777549234173249,0.8280296919672907,0.7540522875816994,0.06700194928728531,0.725824933871049,0.7822796412923498,0.8215967101354097,0.0803313101206609,0.7877538096088402,0.8554396106619792,0.7540522875816994,0.06700194928728531,0.725824933871049,0.7822796412923498,0.7658391424722696,0.07054202426003808,0.7361203851609618,0.7955578997835774,0.8592483660130719,0.05941841083212939,0.834215892819019,0.8842808392071247,0.875,0.8614718614718615,0.8614718614718615,0.8614718614718615,0.8614718614718615,0.8636363636363636,0.8181818181818182,"{""model__class_weight"": null, ""model__C"": 10.0}"
P0,S3,DecisionTree,0.5,0.753723076923077,0.0841457400117806,0.7182731893926004,0.7891729644535537,0.7238888888888888,0.0892175880833471,0.6863022747257446,0.761475503052033,0.7463085051343564,0.09690049834654636,0.7054851459535912,0.7871318643151216,0.7238888888888888,0.0892175880833471,0.6863022747257446,0.761475503052033,0.7245261346359599,0.09071433981831101,0.6863089516447551,0.7627433176271647,0.7891993464052288,0.07756568648034928,0.756521579692765,0.8218771131176926,0.84375,0.7943722943722944,0.8541666666666667,0.7943722943722944,0.8128654970760234,0.909090909090909,0.6363636363636364,"{""model__min_samples_split"": 4, ""model__min_samples_leaf"": 3, ""model__max_features"": ""log2"", ""model__max_depth"": 4, ""model__criterion"": ""log_loss"", ""model__class_weight"": ""balanced"", ""model__ccp_alpha"": 0.0}"
P0,S3,RandomForest,0.5,0.8045538461538463,0.049504010954585446,0.7836982256506355,0.8254094666570571,0.7633006535947712,0.05662794165526193,0.7394437814289267,0.7871575257606156,0.810246610286858,0.06577530338191345,0.7825360321061281,0.8379571884675878,0.7633006535947712,0.05662794165526193,0.7394437814289267,0.7871575257606156,0.7731466869856963,0.05814466449250229,0.7486508323355627,0.7976425416358299,0.8314787581699347,0.06127652284275002,0.8056634781245033,0.857294038215366,0.84375,0.8376623376623377,0.825,0.8376623376623377,0.8303287380699894,0.9372294372294372,0.8181818181818182,"{""model__n_estimators"": 800, ""model__min_samples_split"": 8, ""model__min_samples_leaf"": 4, ""model__max_features"": ""sqrt"", ""model__max_depth"": 3, ""model__criterion"": ""log_loss"", ""model__class_weight"": ""balanced_subsample""}"
P0,S4,Dummy,0.3,0.6427692307692309,0.005538461538461536,0.6404359238352988,0.645102537703163,0.5,0.0,,,0.32138461538461544,0.002769230769230768,0.3202179619176494,0.3225512688515815,0.5,0.0,,,0.39126488939308,0.002041973908111161,0.3904046230816473,0.39212515570451273,0.5,0.0,,,0.65625,0.5,0.328125,0.5,0.39622641509433965,0.5,0.0,{}
P0,S4,LogisticRegression,0.5,0.8173538461538462,0.046481951705146005,0.7977713936147898,0.8369362986929026,0.7792075163398694,0.05945854814776907,0.7541581336347111,0.8042568990450277,0.8215635702446847,0.058381810220858234,0.7969678081078814,0.8461593323814881,0.7792075163398694,0.05945854814776907,0.7541581336347111,0.8042568990450277,0.7885091326801854,0.05730948930364598,0.7643651302629642,0.8126531350974067,0.8273039215686275,0.07317646591803313,0.7964752963012183,0.8581325468360368,0.84375,0.7943722943722944,0.8541666666666667,0.7943722943722944,0.8128654970760234,0.8939393939393939,0.6363636363636364,"{""model__class_weight"": null, ""model__C"": 1.0}"
P0,S4,DecisionTree,0.55,0.7716307692307691,0.09606021780001844,0.7311614131268594,0.8121001253346788,0.7646241830065358,0.09101250351848433,0.7262813861739726,0.8029669798390989,0.7731514587064123,0.09903942555825068,0.7314269876086306,0.8148759298041941,0.7646241830065358,0.09101250351848433,0.7262813861739726,0.8029669798390989,0.7558717334865281,0.09578459108779831,0.7155184965818463,0.79622497039121,0.8203594771241831,0.07337561348164909,0.7894469526750545,0.8512720015733117,0.65625,0.6731601731601732,0.65625,0.6731601731601732,0.6476476476476476,0.7813852813852813,0.7272727272727273,"{""model__min_samples_split"": 2, ""model__min_samples_leaf"": 5, ""model__max_features"": ""log2"", ""model__max_depth"": 5, ""model__criterion"": ""log_loss"", ""model__class_weight"": ""balanced"", ""model__ccp_alpha"": 0.015}"
P0,S4,RandomForest,0.5,0.8203076923076925,0.05106580045716859,0.7987941031158101,0.8418212814995749,0.7775245098039215,0.06280876782190586,0.7510637079272887,0.8039853116805543,0.8342738463806575,0.06716442002523934,0.8059780451242767,0.8625696476370383,0.7775245098039215,0.06280876782190586,0.7510637079272887,0.8039853116805543,0.7890752464129075,0.061335630801556955,0.7632350646850907,0.8149154281407243,0.8113562091503269,0.07188298317777979,0.7810725172052483,0.8416399010954055,0.84375,0.8160173160173161,0.8318181818181818,0.8160173160173161,0.82281284606866,0.8982683982683982,0.7272727272727273,"{""model__n_estimators"": 200, ""model__min_samples_split"": 8, ""model__min_samples_leaf"": 3, ""model__max_features"": 0.5, ""model__max_depth"": null, ""model__criterion"": ""gini"", ""model__class_weight"": null}"
P0,S5,Dummy,0.3,0.6427692307692309,0.005538461538461536,0.6404359238352988,0.645102537703163,0.5,0.0,,,0.32138461538461544,0.002769230769230768,0.3202179619176494,0.3225512688515815,0.5,0.0,,,0.39126488939308,0.002041973908111161,0.3904046230816473,0.39212515570451273,0.5,0.0,,,0.65625,0.5,0.328125,0.5,0.39622641509433965,0.5,0.0,{}
P0,S5,LogisticRegression,0.5,0.7934769230769233,0.06762553349930105,0.7649868586196724,0.8219669875341742,0.7527532679738563,0.07878338167371665,0.7195624965906245,0.7859440393570881,0.7921569286406747,0.08250762153644772,0.7573971665485626,0.8269166907327867,0.7527532679738563,0.07878338167371665,0.7195624965906245,0.7859440393570881,0.7607301639902759,0.07990021675731447,0.7270688794462105,0.7943914485343414,0.806388888888889,0.09241524987800036,0.7674551268966914,0.8453226508810867,0.84375,0.8160173160173161,0.8318181818181818,0.8160173160173161,0.82281284606866,0.8809523809523809,0.7272727272727273,"{""model__class_weight"": null, ""model__C"": 1.0}"
P0,S5,DecisionTree,0.65,0.7587692307692309,0.1000638849190294,0.7166131636201925,0.8009252979182693,0.7405718954248366,0.08849024909036306,0.7032917030186845,0.7778520878309887,0.7616900004879881,0.1093592617168272,0.7156178698283168,0.8077621311476594,0.7405718954248366,0.08849024909036306,0.7032917030186845,0.7778520878309887,0.7379024204703438,0.10025866523663475,0.6956642940233386,0.780140546917349,0.7719607843137254,0.08102880713127175,0.7378240342045681,0.8060975344228827,0.78125,0.7683982683982684,0.7583333333333333,0.7683982683982684,0.7624602332979851,0.8203463203463204,0.7272727272727273,"{""model__min_samples_split"": 4, ""model__min_samples_leaf"": 3, ""model__max_features"": ""log2"", ""model__max_depth"": 8, ""model__criterion"": ""log_loss"", ""model__class_weight"": null, ""model__ccp_alpha"": 0.015}"
P0,S5,RandomForest,0.5,0.8253538461538461,0.05473831452395183,0.8022930578927853,0.8484146344149069,0.7854575163398693,0.06604653183590294,0.7576326719088498,0.8132823607708888,0.8383403741081759,0.06880636380597735,0.8093528358446647,0.867327912371687,0.7854575163398693,0.06604653183590294,0.7576326719088498,0.8132823607708888,0.7961294434663305,0.0653678572862513,0.7685905188745279,0.8236683680581331,0.814656862745098,0.06850796086801877,0.7857950391117976,0.8435186863783983,0.78125,0.7467532467532467,0.759090909090909,0.7467532467532467,0.751937984496124,0.8961038961038961,0.6363636363636364,"{""model__n_estimators"": 200, ""model__min_samples_split"": 6, ""model__min_samples_leaf"": 2, ""model__max_features"": ""sqrt"", ""model__max_depth"": 8, ""model__criterion"": ""log_loss"", ""model__class_weight"": null}"
P1,S1,Dummy,0.3,0.664,0.013063945294843619,0.6584962705023253,0.6695037294976748,0.5,0.0,,,0.332,0.006531972647421809,0.32924813525116264,0.3347518647488374,0.5,0.0,,,0.3990011614401859,0.004751184783564353,0.3969995275346514,0.40100279534572036,0.5,0.0,,,0.6774193548387096,0.5,0.3387096774193548,0.5,0.40384615384615385,0.5,0.0,{}
P1,S1,LogisticRegression,0.5,0.8324000000000001,0.059764500797342524,0.8072217220350757,0.8575782779649246,0.8077450980392158,0.06629866774096278,0.7798140308870518,0.8356761651913798,0.8234498378298687,0.0724380026054272,0.7929323209010823,0.853967354758655,0.8077450980392158,0.06629866774096278,0.7798140308870518,0.8356761651913798,0.8093041395484469,0.06835097974428854,0.7805084507329028,0.8380998283639911,0.8432781862745098,0.06546492349303454,0.8156983685119655,0.870858004037054,0.7741935483870968,0.7285714285714285,0.7424242424242424,0.7285714285714285,0.7343941248470012,0.8690476190476191,0.6,"{""model__class_weight"": ""balanced"", ""model__C"": 0.1}"
P1,S1,DecisionTree,0.6,0.8078666666666666,0.07586467484204285,0.7759055217494066,0.8398278115839266,0.7825408496732025,0.07932833459337174,0.7491204942408142,0.8159612051055908,0.8081315540324829,0.07810282405716235,0.775227495808604,0.8410356122563619,0.7825408496732025,0.07932833459337174,0.7491204942408142,0.8159612051055908,0.7796747162167581,0.08572559988639095,0.7435592471029356,0.8157901853305806,0.814143178104575,0.08391856309581049,0.7787889982845485,0.8494973579246016,0.7741935483870968,0.7023809523809523,0.7529761904761905,0.7023809523809523,0.7163398692810458,0.7023809523809523,0.5,"{""model__min_samples_split"": 4, ""model__min_samples_leaf"": 5, ""model__max_features"": ""sqrt"", ""model__max_depth"": 8, ""model__criterion"": ""gini"", ""model__class_weight"": null, ""model__ccp_alpha"": 0.01}"
P1,S1,RandomForest,0.5,0.8192,0.06352623255177518,0.7924369363097876,0.8459630636902125,0.7870506535947712,0.07192545235984099,0.7567490697430154,0.8173522374465271,0.816211248933385,0.07608002563820083,0.7841593785497815,0.8482631193169886,0.7870506535947712,0.07192545235984099,0.7567490697430154,0.8173522374465271,0.7900119259548002,0.07700684887747516,0.7575695927909262,0.8224542591186742,0.8301225490196079,0.07528024189622665,0.79840762075212,0.8618374772870958,0.7741935483870968,0.7285714285714285,0.7424242424242424,0.7285714285714285,0.7343941248470012,0.830952380952381,0.6,"{""model__n_estimators"": 500, ""model__min_samples_split"": 10, ""model__min_samples_leaf"": 2, ""model__max_features"": ""sqrt"", ""model__max_depth"": 3, ""model__criterion"": ""log_loss"", ""model__class_weight"": ""balanced""}"
P1,S2,Dummy,0.3,0.664,0.013063945294843619,0.6584962705023253,0.6695037294976748,0.5,0.0,,,0.332,0.006531972647421809,0.32924813525116264,0.3347518647488374,0.5,0.0,,,0.3990011614401859,0.004751184783564353,0.3969995275346514,0.40100279534572036,0.5,0.0,,,0.6774193548387096,0.5,0.3387096774193548,0.5,0.40384615384615385,0.5,0.0,{}
P1,S2,LogisticRegression,0.45,0.8177333333333334,0.06647953736969663,0.7897260673385971,0.8457405993280698,0.7945669934640524,0.07268625144209523,0.7639448914031105,0.8251890955249942,0.8097386519569182,0.0742035152465245,0.7784773395067927,0.8409999644070437,0.7945669934640524,0.07268625144209523,0.7639448914031105,0.8251890955249942,0.7929504157660519,0.07682180545584748,0.7605860398283433,0.8253147917037604,0.8644730392156862,0.06857075271029243,0.8355847619110992,0.8933613165202732,0.7741935483870968,0.7023809523809523,0.7529761904761905,0.7023809523809523,0.7163398692810458,0.8404761904761905,0.5,"{""model__class_weight"": ""balanced"", ""model__C"": 0.1}"
P1,S2,DecisionTree,0.45,0.8324000000000001,0.0773075819193837,0.7998309705528579,0.8649690294471424,0.7924591503267974,0.08712415236161443,0.7557544829012695,0.8291638177523253,0.8362688044669468,0.08821202802651347,0.7991058242383892,0.8734317846955045,0.7924591503267974,0.08712415236161443,0.7557544829012695,0.8291638177523253,0.8010822934952059,0.09168631132092751,0.7624556271428022,0.8397089598476095,0.7979769199346404,0.07700164945454153,0.7655367772436079,0.8304170626256728,0.7741935483870968,0.7023809523809523,0.7529761904761905,0.7023809523809523,0.7163398692810458,0.7023809523809523,0.5,"{""model__min_samples_split"": 4, ""model__min_samples_leaf"": 2, ""model__max_features"": null, ""model__max_depth"": 2, ""model__criterion"": ""gini"", ""model__class_weight"": null, ""model__ccp_alpha"": 0.015}"
P1,S2,RandomForest,0.5,0.8208666666666667,0.0675723809456694,0.7923989949300448,0.8493343384032886,0.7870506535947712,0.07916451665467146,0.7536993132723764,0.8204019939171661,0.8158635414293309,0.08133752670044901,0.7815967303806151,0.8501303524780468,0.7870506535947712,0.07916451665467146,0.7536993132723764,0.8204019939171661,0.7910370394666311,0.08299710964588927,0.756071060180104,0.8260030187531582,0.8424857026143792,0.08074831158922109,0.808467122901217,0.8765042823275413,0.7741935483870968,0.7285714285714285,0.7424242424242424,0.7285714285714285,0.7343941248470012,0.8380952380952381,0.6,"{""model__n_estimators"": 500, ""model__min_samples_split"": 10, ""model__min_samples_leaf"": 2, ""model__max_features"": ""sqrt"", ""model__max_depth"": 3, ""model__criterion"": ""log_loss"", ""model__class_weight"": ""balanced""}"
P1,S3,Dummy,0.3,0.664,0.013063945294843619,0.6584962705023253,0.6695037294976748,0.5,0.0,,,0.332,0.006531972647421809,0.32924813525116264,0.3347518647488374,0.5,0.0,,,0.3990011614401859,0.004751184783564353,0.3969995275346514,0.40100279534572036,0.5,0.0,,,0.6774193548387096,0.5,0.3387096774193548,0.5,0.40384615384615385,0.5,0.0,{}
P1,S3,LogisticRegression,0.5,0.8358,0.061874640290761375,0.8097327381399332,0.8618672618600668,0.7982271241830066,0.07728504085972575,0.7656675910933695,0.8307866572726437,0.8332108803649051,0.07182404007245143,0.8029520206508378,0.8634697400789724,0.7982271241830066,0.07728504085972575,0.7656675910933695,0.8307866572726437,0.805313474185191,0.08038677752477794,0.7714472057110904,0.8391797426592915,0.8711315359477125,0.07037891799579012,0.8414814939239796,0.9007815779714454,0.7741935483870968,0.7023809523809523,0.7529761904761905,0.7023809523809523,0.7163398692810458,0.8595238095238096,0.5,"{""model__class_weight"": ""balanced"", ""model__C"": 0.1}"
P1,S3,DecisionTree,0.55,0.8290666666666666,0.059892644697733026,0.8038344027619201,0.8542989305714132,0.7826633986928104,0.07286672416822187,0.7519652650010028,0.8133615323846181,0.8381008995304662,0.07450036423355498,0.8067145271164935,0.8694872719444389,0.7826633986928104,0.07286672416822187,0.7519652650010028,0.8133615323846181,0.7933107490581774,0.07738945575008835,0.7607072268596521,0.8259142712567028,0.7949795751633987,0.08084408222368618,0.7609206480931389,0.8290385022336585,0.7741935483870968,0.7023809523809523,0.7529761904761905,0.7023809523809523,0.7163398692810458,0.7023809523809523,0.5,"{""model__min_samples_split"": 8, ""model__min_samples_leaf"": 4, ""model__max_features"": ""sqrt"", ""model__max_depth"": 2, ""model__criterion"": ""log_loss"", ""model__class_weight"": null, ""model__ccp_alpha"": 0.02}"
P1,S3,RandomForest,0.5,0.8093333333333333,0.06687135244465882,0.7811609989662919,0.8375056677003748,0.7751062091503268,0.07354817571039268,0.7441209856958758,0.8060914326047778,0.8080059019927441,0.08064887474169938,0.7740292141811868,0.8419825898043015,0.7751062091503268,0.07354817571039268,0.7441209856958758,0.8060914326047778,0.7781816972194483,0.07874187229050457,0.7450084133877684,0.8113549810511282,0.8565747549019608,0.07351938437266482,0.8256016609942244,0.8875478488096972,0.7741935483870968,0.7285714285714285,0.7424242424242424,0.7285714285714285,0.7343941248470012,0.8261904761904761,0.6,"{""model__n_estimators"": 800, ""model__min_samples_split"": 8, ""model__min_samples_leaf"": 5, ""model__max_features"": ""sqrt"", ""model__max_depth"": 3, ""model__criterion"": ""log_loss"", ""model__class_weight"": ""balanced_subsample""}"
P1,S4,Dummy,0.3,0.664,0.013063945294843619,0.6584962705023253,0.6695037294976748,0.5,0.0,,,0.332,0.006531972647421809,0.32924813525116264,0.3347518647488374,0.5,0.0,,,0.3990011614401859,0.004751184783564353,0.3969995275346514,0.40100279534572036,0.5,0.0,,,0.6774193548387096,0.5,0.3387096774193548,0.5,0.40384615384615385,0.5,0.0,{}
P1,S4,LogisticRegression,0.5,0.7962666666666668,0.07039614888456454,0.7666093654154433,0.8259239679178902,0.7699183006535947,0.07807504586453143,0.7370259451469825,0.8028106561602069,0.7867709812547274,0.08350813974568452,0.7515897093157156,0.8219522531937393,0.7699183006535947,0.07807504586453143,0.7370259451469825,0.8028106561602069,0.7679760619754532,0.08211972475257183,0.7333797175128006,0.8025724064381058,0.8455269607843137,0.0780671950167483,0.8126379127733738,0.8784160087952535,0.7741935483870968,0.7547619047619047,0.7431818181818182,0.7547619047619047,0.7479674796747967,0.8309523809523809,0.7,"{""model__class_weight"": ""balanced"", ""model__C"": 0.01}"
P1,S4,DecisionTree,0.55,0.8160666666666667,0.07417378992009988,0.7848178772447826,0.8473154560885509,0.7721813725490196,0.08816317253390263,0.73503897472568,0.8093237703723593,0.8146861125630476,0.09126289058452622,0.7762378297804051,0.85313439534569,0.7721813725490196,0.08816317253390263,0.73503897472568,0.8093237703723593,0.7805452551587326,0.09132530233936399,0.742070678832421,0.8190198314850443,0.7790665849673204,0.07731023182629297,0.7464964391368426,0.8116367307977982,0.7419354838709677,0.6785714285714286,0.7038043478260869,0.6785714285714286,0.6868686868686869,0.7023809523809523,0.5,"{""model__min_samples_split"": 8, ""model__min_samples_leaf"": 4, ""model__max_features"": ""sqrt"", ""model__max_depth"": 2, ""model__criterion"": ""log_loss"", ""model__class_weight"": null, ""model__ccp_alpha"": 0.02}"
P1,S4,RandomForest,0.5,0.8027333333333333,0.061699774896041726,0.7767397407829061,0.8287269258837605,0.7708741830065358,0.06990530946062391,0.7414236682470798,0.8003246977659917,0.7964432084942921,0.07293082453881511,0.7657180698593005,0.8271683471292837,0.7708741830065358,0.06990530946062391,0.7414236682470798,0.8003246977659917,0.7719044307899047,0.07409484003062344,0.7406889022877307,0.8031199592920787,0.8411090686274509,0.06939305624613772,0.811874361808339,0.8703437754465628,0.7741935483870968,0.7285714285714285,0.7424242424242424,0.7285714285714285,0.7343941248470012,0.8238095238095238,0.6,"{""model__n_estimators"": 200, ""model__min_samples_split"": 8, ""model__min_samples_leaf"": 4, ""model__max_features"": ""log2"", ""model__max_depth"": 4, ""model__criterion"": ""gini"", ""model__class_weight"": ""balanced""}"
P1,S5,Dummy,0.3,0.664,0.013063945294843619,0.6584962705023253,0.6695037294976748,0.5,0.0,,,0.332,0.006531972647421809,0.32924813525116264,0.3347518647488374,0.5,0.0,,,0.3990011614401859,0.004751184783564353,0.3969995275346514,0.40100279534572036,0.5,0.0,,,0.6774193548387096,0.5,0.3387096774193548,0.5,0.40384615384615385,0.5,0.0,{}
P1,S5,LogisticRegression,0.45,0.8027999999999998,0.06464556356695245,0.7755653716341205,0.8300346283658792,0.7684477124183006,0.07646759253391495,0.7362325633843259,0.8006628614522753,0.7899595926089735,0.08080796417583926,0.7559158817663423,0.8240033034516048,0.7684477124183006,0.07646759253391495,0.7362325633843259,0.8006628614522753,0.771187562712081,0.0795726103854881,0.7376642959575541,0.8047108294666079,0.8471343954248366,0.0795676000829522,0.8136132394683294,0.8806555513813438,0.7741935483870968,0.7023809523809523,0.7529761904761905,0.7023809523809523,0.7163398692810458,0.8404761904761904,0.5,"{""model__class_weight"": ""balanced"", ""model__C"": 0.1}"
P1,S5,DecisionTree,0.45,0.7764666666666667,0.10825517180357815,0.7308596797355161,0.8220736535978174,0.7464950980392158,0.10887970897227582,0.7006249988888865,0.792365197189545,0.7687598355376992,0.11456306984131838,0.7204953845927994,0.8170242864825991,0.7464950980392158,0.10887970897227582,0.7006249988888865,0.792365197189545,0.7458861301278874,0.11633708588324965,0.6968743012509031,0.7948979590048717,0.7920547385620915,0.09366375995894989,0.7525949898479977,0.8315144872761854,0.7741935483870968,0.7023809523809523,0.7529761904761905,0.7023809523809523,0.7163398692810458,0.75,0.5,"{""model__min_samples_split"": 8, ""model__min_samples_leaf"": 5, ""model__max_features"": ""log2"", ""model__max_depth"": 3, ""model__criterion"": ""entropy"", ""model__class_weight"": ""balanced"", ""model__ccp_alpha"": 0.005}"
P1,S5,RandomForest,0.5,0.8273999999999999,0.057887016391127526,0.8030126903126286,0.8517873096873713,0.7894035947712418,0.07235739686406102,0.7589200363585412,0.8198871531839423,0.8252511338850347,0.06979972773138042,0.7958450998138041,0.8546571679562652,0.7894035947712418,0.07235739686406102,0.7589200363585412,0.8198871531839423,0.7957579188636754,0.07521833769439516,0.7640690703120743,0.8274467674152766,0.8463827614379085,0.07215243456847466,0.815985551904254,0.8767799709715629,0.7741935483870968,0.7023809523809523,0.7529761904761905,0.7023809523809523,0.7163398692810458,0.8357142857142856,0.5,"{""model__n_estimators"": 800, ""model__min_samples_split"": 8, ""model__min_samples_leaf"": 4, ""model__max_features"": ""sqrt"", ""model__max_depth"": 3, ""model__criterion"": ""log_loss"", ""model__class_weight"": ""balanced_subsample""}"
P2,S1,Dummy,0.3,0.8063157894736841,0.01835325870964491,0.7985837170362254,0.8140478619111428,0.5,0.0,,,0.40315789473684205,0.009176629354822455,0.3992918585181127,0.4070239309555714,0.5,0.0,,,0.44633053221288516,0.005552345501367277,0.4439913760829817,0.4486696883427886,0.5,0.0,,,0.8,0.5,0.4,0.5,0.4444444444444444,0.5,0.0,{}
P2,S1,LogisticRegression,0.5,0.7348421052631581,0.06360926429503116,0.7080440610028126,0.7616401495235036,0.6409999999999999,0.10949016952321437,0.5948727189903211,0.6871272810096787,0.6094268117503412,0.09603452233313489,0.5689682809289822,0.6498853425717002,0.6409999999999999,0.10949016952321437,0.5948727189903211,0.6871272810096787,0.605124695097773,0.0919879767323402,0.5663709396627263,0.6438784505328197,0.7079583333333334,0.12866936525667466,0.6537510196139658,0.762165647052701,0.72,0.6000000000000001,0.587719298245614,0.6000000000000001,0.592074592074592,0.69,0.4,"{""model__class_weight"": ""balanced"", ""model__C"": 0.01}"
P2,S1,DecisionTree,0.45,0.7523157894736844,0.1015484546542156,0.7095342856699071,0.7950972932774617,0.6032500000000001,0.12213534159557038,0.5517954151041616,0.6547045848958385,0.6352426550917263,0.1861618835081281,0.5568142304097292,0.7136710797737233,0.6032500000000001,0.12213534159557038,0.5517954151041616,0.6547045848958385,0.59409163155797,0.13011563969701262,0.5392750146672117,0.6489082484487282,0.583,0.12502212304228402,0.530329238532457,0.635670761467543,0.76,0.55,0.5757575757575758,0.55,0.5535714285714286,0.4749999999999999,0.2,"{""model__min_samples_split"": 4, ""model__min_samples_leaf"": 3, ""model__max_features"": ""sqrt"", ""model__max_depth"": 4, ""model__criterion"": ""gini"", ""model__class_weight"": null, ""model__ccp_alpha"": 0.0}"
P2,S1,RandomForest,0.5,0.7507368421052633,0.08485777575015244,0.71498697994934,0.7864867042611865,0.6044999999999999,0.12360707234350844,0.5524253874060006,0.6565746125939993,0.5968899218256803,0.13307434247370445,0.5408268285160904,0.6529530151352703,0.6044999999999999,0.12360707234350844,0.5524253874060006,0.6565746125939993,0.5916608424001278,0.11945381966876856,0.541335959978857,0.6419857248213987,0.5928541666666667,0.16575306369717574,0.5230238049029675,0.6626845284303658,0.8,0.65,0.6785714285714286,0.65,0.6612466124661247,0.74,0.4,"{""model__n_estimators"": 200, ""model__min_samples_split"": 10, ""model__min_samples_leaf"": 1, ""model__max_features"": ""sqrt"", ""model__max_depth"": 6, ""model__criterion"": ""entropy"", ""model__class_weight"": ""balanced_subsample""}"
P2,S2,Dummy,0.3,0.8063157894736841,0.01835325870964491,0.7985837170362254,0.8140478619111428,0.5,0.0,,,0.40315789473684205,0.009176629354822455,0.3992918585181127,0.4070239309555714,0.5,0.0,,,0.44633053221288516,0.005552345501367277,0.4439913760829817,0.4486696883427886,0.5,0.0,,,0.8,0.5,0.4,0.5,0.4444444444444444,0.5,0.0,{}
P2,S2,LogisticRegression,0.5,0.7103157894736841,0.10544437033553314,0.6658929693927953,0.754738609554573,0.6385833333333333,0.1492063727414706,0.5757239523144607,0.7014427143522058,0.6005793405940464,0.12097277759413583,0.5496145340647903,0.6515441471233024,0.6385833333333333,0.1492063727414706,0.5757239523144607,0.7014427143522058,0.5989848459084276,0.12997618474053868,0.5442269802096118,0.6537427116072434,0.682,0.12663428862498322,0.6286500468279312,0.7353499531720689,0.76,0.625,0.625,0.625,0.625,0.69,0.4,"{""model__class_weight"": ""balanced"", ""model__C"": 1.0}"
P2,S2,DecisionTree,0.45,0.5531578947368421,0.09523552957894876,0.5130359727951436,0.5932798166785406,0.5373333333333333,0.12947533012551507,0.48278647344145703,0.5918801932252096,0.5230566100566101,0.0911025427983041,0.4846758804381152,0.5614373396751049,0.5373333333333333,0.12947533012551507,0.48278647344145703,0.5918801932252096,0.47461083225265654,0.094422618757812,0.43483138275433514,0.514390281750978,0.5911666666666666,0.11170907155046392,0.5441045810275897,0.6382287523057435,0.76,0.85,0.7272727272727273,0.85,0.7242647058823529,0.8899999999999999,1.0,"{""model__min_samples_split"": 8, ""model__min_samples_leaf"": 5, ""model__max_features"": ""log2"", ""model__max_depth"": 8, ""model__criterion"": ""log_loss"", ""model__class_weight"": ""balanced"", ""model__ccp_alpha"": 0.015}"
P2,S2,RandomForest,0.5,0.7345263157894736,0.07851573231911327,0.701448302812276,0.7676043287666712,0.6035833333333334,0.11575164985625234,0.5548181436957264,0.6523485229709404,0.5877472197565077,0.1120597512870904,0.5405373957147395,0.6349570437982759,0.6035833333333334,0.11575164985625234,0.5548181436957264,0.6523485229709404,0.5852908409261547,0.10734694075410485,0.540066484043192,0.6305151978091174,0.6097083333333334,0.1458051966904625,0.5482818389758973,0.6711348276907695,0.8,0.65,0.6785714285714286,0.65,0.6612466124661247,0.78,0.4,"{""model__n_estimators"": 800, ""model__min_samples_split"": 4, ""model__min_samples_leaf"": 4, ""model__max_features"": 1.0, ""model__max_depth"": 4, ""model__criterion"": ""entropy"", ""model__class_weight"": ""balanced_subsample""}"
P2,S3,Dummy,0.3,0.8063157894736841,0.01835325870964491,0.7985837170362254,0.8140478619111428,0.5,0.0,,,0.40315789473684205,0.009176629354822455,0.3992918585181127,0.4070239309555714,0.5,0.0,,,0.44633053221288516,0.005552345501367277,0.4439913760829817,0.4486696883427886,0.5,0.0,,,0.8,0.5,0.4,0.5,0.4444444444444444,0.5,0.0,{}
P2,S3,LogisticRegression,0.5,0.7273684210526317,0.10232477759957909,0.6842598589676316,0.7704769831376317,0.6709999999999999,0.14892079363802013,0.6082609310384811,0.7337390689615187,0.6220287066734436,0.11725758752412217,0.57262907825205,0.6714283350948371,0.6709999999999999,0.14892079363802013,0.6082609310384811,0.7337390689615187,0.6253898503458537,0.12714465647858456,0.5718248835200122,0.6789548171716953,0.6970833333333334,0.14186658687732717,0.6373161419291131,0.7568505247375537,0.76,0.625,0.625,0.625,0.625,0.85,0.4,"{""model__class_weight"": ""balanced"", ""model__C"": 0.1}"
P2,S3,DecisionTree,0.3,0.8386315789473683,0.05737431162418447,0.8144602674355662,0.8628028904591704,0.6480833333333333,0.12696363215066309,0.5945946305235216,0.7015720361431451,0.7120209592608974,0.21683068819578852,0.6206720269368081,0.8033698915849866,0.6480833333333333,0.12696363215066309,0.5945946305235216,0.7015720361431451,0.6477548957291482,0.1515236979450976,0.5839192452303398,0.7115905462279567,0.6300208333333334,0.14156429205390114,0.5703809961777061,0.6896606704889606,0.76,0.55,0.5757575757575758,0.55,0.5535714285714286,0.46,0.2,"{""model__min_samples_split"": 2, ""model__min_samples_leaf"": 3, ""model__max_features"": ""log2"", ""model__max_depth"": 2, ""model__criterion"": ""gini"", ""model__class_weight"": null, ""model__ccp_alpha"": 0.015}"
P2,S3,RandomForest,0.5,0.7792631578947369,0.07269379486334682,0.7486378778543166,0.8098884379351572,0.6036666666666667,0.11468447051705727,0.5553510706453737,0.6519822626879597,0.6251659266945644,0.16878557699848157,0.5540579927632081,0.6962738606259207,0.6036666666666667,0.11468447051705727,0.5553510706453737,0.6519822626879597,0.5987051619144304,0.12409893704501292,0.5464233308879102,0.6509869929409505,0.6161041666666667,0.15194913599805546,0.552089282719719,0.6801190506136143,0.76,0.625,0.625,0.625,0.625,0.7899999999999999,0.4,"{""model__n_estimators"": 800, ""model__min_samples_split"": 6, ""model__min_samples_leaf"": 2, ""model__max_features"": 0.5, ""model__max_depth"": 4, ""model__criterion"": ""gini"", ""model__class_weight"": ""balanced_subsample""}"
P2,S4,Dummy,0.3,0.8063157894736841,0.01835325870964491,0.7985837170362254,0.8140478619111428,0.5,0.0,,,0.40315789473684205,0.009176629354822455,0.3992918585181127,0.4070239309555714,0.5,0.0,,,0.44633053221288516,0.005552345501367277,0.4439913760829817,0.4486696883427886,0.5,0.0,,,0.8,0.5,0.4,0.5,0.4444444444444444,0.5,0.0,{}
P2,S4,LogisticRegression,0.5,0.6566315789473685,0.10801436243886639,0.6111260429618525,0.7021371149328844,0.5940833333333333,0.16165450985220162,0.5259796575886958,0.6621870090779708,0.5639907984172691,0.12365216227480391,0.5118971898171385,0.6160844070173996,0.5940833333333333,0.16165450985220162,0.5259796575886958,0.6621870090779708,0.5538948691999304,0.13262191675530213,0.4980223790133388,0.6097673593865219,0.6340416666666667,0.16220478525959434,0.5657061645538717,0.7023771687794618,0.68,0.575,0.5595238095238095,0.575,0.5614035087719298,0.74,0.4,"{""model__class_weight"": ""balanced"", ""model__C"": 0.1}"
P2,S4,DecisionTree,0.5,0.7857894736842106,0.08393375570210347,0.7504288933478382,0.8211500540205829,0.5963333333333334,0.11812228832866387,0.546569413787229,0.6460972528794378,0.6321987511112899,0.19255909788860007,0.5510752341968836,0.7133222680256961,0.5963333333333334,0.11812228832866387,0.546569413787229,0.6460972528794378,0.5900823901301719,0.13258479648649674,0.5342255383984097,0.6459392418619342,0.6176875000000001,0.12319878288427476,0.565784896296857,0.6695901037031431,0.8,0.65,0.6785714285714286,0.65,0.6612466124661247,0.65,0.4,"{""model__min_samples_split"": 4, ""model__min_samples_leaf"": 4, ""model__max_features"": ""sqrt"", ""model__max_depth"": 2, ""model__criterion"": ""gini"", ""model__class_weight"": null, ""model__ccp_alpha"": 0.02}"
P2,S4,RandomForest,0.5,0.7818947368421053,0.07424717273593506,0.7506150318614815,0.8131744418227291,0.5925833333333334,0.11528810529374756,0.5440134310935656,0.6411532355731011,0.6123861491965207,0.1683312127559518,0.5414696350719579,0.6833026633210835,0.5925833333333334,0.11528810529374756,0.5440134310935656,0.6411532355731011,0.5888126405009707,0.12830707680699577,0.5347579558367745,0.6428673251651669,0.6269583333333334,0.13623512915788888,0.5695636273663887,0.6843530393002781,0.84,0.675,0.7651515151515151,0.675,0.7023809523809523,0.6799999999999999,0.4,"{""model__n_estimators"": 800, ""model__min_samples_split"": 2, ""model__min_samples_leaf"": 3, ""model__max_features"": 1.0, ""model__max_depth"": 5, ""model__criterion"": ""log_loss"", ""model__class_weight"": ""balanced_subsample""}"
P2,S5,Dummy,0.3,0.8063157894736841,0.01835325870964491,0.7985837170362254,0.8140478619111428,0.5,0.0,,,0.40315789473684205,0.009176629354822455,0.3992918585181127,0.4070239309555714,0.5,0.0,,,0.44633053221288516,0.005552345501367277,0.4439913760829817,0.4486696883427886,0.5,0.0,,,0.8,0.5,0.4,0.5,0.4444444444444444,0.5,0.0,{}
P2,S5,LogisticRegression,0.5,0.6713684210526316,0.11352161862278409,0.6235427246847354,0.7191941174205279,0.5994166666666667,0.15613775968675866,0.5336371510384096,0.6651961822949238,0.572455932955933,0.12418406929951939,0.5201382364316818,0.6247736294801842,0.5994166666666667,0.15613775968675866,0.5336371510384096,0.6651961822949238,0.5659782630956157,0.13569240805644042,0.5088122009317212,0.6231443252595102,0.6275,0.1569293564527258,0.5613869913592731,0.6936130086407268,0.76,0.625,0.625,0.625,0.625,0.71,0.4,"{""model__class_weight"": ""balanced"", ""model__C"": 0.1}"
P2,S5,DecisionTree,0.55,0.7654736842105264,0.11012790347888105,0.7190777312870992,0.8118696371339537,0.6355833333333333,0.1278751561311092,0.5817106131914068,0.6894560534752597,0.645157894736842,0.1672496331228976,0.5746970409504218,0.7156187485232622,0.6355833333333333,0.1278751561311092,0.5817106131914068,0.6894560534752597,0.6195451907249984,0.13321605335156603,0.5634223958228936,0.6756679856271032,0.6451041666666667,0.15348370683524976,0.5804427810242265,0.7097655523091069,0.76,0.7,0.6587301587301587,0.7,0.6710526315789473,0.76,0.6,"{""model__min_samples_split"": 8, ""model__min_samples_leaf"": 3, ""model__max_features"": null, ""model__max_depth"": 2, ""model__criterion"": ""entropy"", ""model__class_weight"": null, ""model__ccp_alpha"": 0.01}"
P2,S5,RandomForest,0.5,0.7817894736842105,0.0823744574885771,0.7470858124775319,0.816493134890889,0.6255833333333333,0.12691248078017298,0.5721161801626435,0.679050486504023,0.6474985257260799,0.16782140332732884,0.5767967899955764,0.7182002614565834,0.6255833333333333,0.12691248078017298,0.5721161801626435,0.679050486504023,0.6228216216341257,0.13445244671203943,0.5661779446818295,0.6794652985864219,0.6662083333333332,0.120629166594706,0.6153882872076616,0.7170283794590048,0.84,0.675,0.7651515151515151,0.675,0.7023809523809523,0.6399999999999999,0.4,"{""model__n_estimators"": 800, ""model__min_samples_split"": 6, ""model__min_samples_leaf"": 2, ""model__max_features"": 1.0, ""model__max_depth"": 3, ""model__criterion"": ""entropy"", ""model__class_weight"": ""balanced_subsample""}"
